Date,E (PST),Stage,Month
1/1/2014,1:00:00 AM,13.61,January
1/1/2014,2:00:00 AM,13.61,January
1/1/2014,3:00:00 AM,13.61,January
1/1/2014,4:00:00 AM,13.63,January
1/1/2014,5:00:00 AM,13.6,January
1/1/2014,6:00:00 AM,13.61,January
1/1/2014,7:00:00 AM,13.61,January
1/1/2014,8:00:00 AM,13.61,January
1/1/2014,9:00:00 AM,13.6,January
1/1/2014,10:00:00 AM,13.59,January
1/1/2014,11:00:00 AM,13.6,January
1/1/2014,12:00:00 PM,13.57,January
1/1/2014,1:00:00 PM,13.56,January
1/1/2014,2:00:00 PM,13.57,January
1/1/2014,3:00:00 PM,13.57,January
1/1/2014,4:00:00 PM,13.57,January
1/1/2014,5:00:00 PM,13.57,January
1/1/2014,6:00:00 PM,13.56,January
1/1/2014,7:00:00 PM,13.56,January
1/1/2014,8:00:00 PM,13.56,January
1/1/2014,9:00:00 PM,13.56,January
1/1/2014,10:00:00 PM,13.56,January
1/1/2014,11:00:00 PM,13.57,January
1/2/2014,12:00:00 AM,13.58,January
1/2/2014,1:00:00 AM,13.58,January
1/2/2014,2:00:00 AM,13.59,January
1/2/2014,3:00:00 AM,13.59,January
1/2/2014,4:00:00 AM,13.61,January
1/2/2014,5:00:00 AM,13.62,January
1/2/2014,6:00:00 AM,13.6,January
1/2/2014,7:00:00 AM,13.61,January
1/2/2014,8:00:00 AM,13.6,January
1/2/2014,9:00:00 AM,13.58,January
1/2/2014,10:00:00 AM,13.56,January
1/2/2014,11:00:00 AM,13.56,January
1/2/2014,12:00:00 PM,13.54,January
1/2/2014,1:00:00 PM,13.51,January
1/2/2014,2:00:00 PM,13.5,January
1/2/2014,3:00:00 PM,13.5,January
1/2/2014,4:00:00 PM,13.49,January
1/2/2014,5:00:00 PM,13.49,January
1/2/2014,6:00:00 PM,13.49,January
1/2/2014,7:00:00 PM,13.48,January
1/2/2014,8:00:00 PM,13.47,January
1/2/2014,9:00:00 PM,13.47,January
1/2/2014,10:00:00 PM,13.48,January
1/2/2014,11:00:00 PM,13.48,January
1/3/2014,12:00:00 AM,13.48,January
1/3/2014,1:00:00 AM,13.49,January
1/3/2014,2:00:00 AM,13.47,January
1/3/2014,3:00:00 AM,13.5,January
1/3/2014,4:00:00 AM,13.53,January
1/3/2014,5:00:00 AM,13.53,January
1/3/2014,6:00:00 AM,13.49,January
1/3/2014,7:00:00 AM,13.53,January
1/3/2014,8:00:00 AM,13.53,January
1/3/2014,9:00:00 AM,13.47,January
1/3/2014,10:00:00 AM,13.48,January
1/3/2014,11:00:00 AM,13.47,January
1/3/2014,12:00:00 PM,13.46,January
1/3/2014,1:00:00 PM,13.43,January
1/3/2014,2:00:00 PM,13.43,January
1/3/2014,3:00:00 PM,13.43,January
1/3/2014,4:00:00 PM,13.42,January
1/3/2014,5:00:00 PM,13.42,January
1/3/2014,6:00:00 PM,13.41,January
1/3/2014,7:00:00 PM,13.4,January
1/3/2014,8:00:00 PM,13.4,January
1/3/2014,9:00:00 PM,13.4,January
1/3/2014,10:00:00 PM,13.4,January
1/3/2014,11:00:00 PM,13.4,January
1/4/2014,12:00:00 AM,13.4,January
1/4/2014,1:00:00 AM,13.39,January
1/4/2014,2:00:00 AM,13.4,January
1/4/2014,3:00:00 AM,13.42,January
1/4/2014,4:00:00 AM,13.42,January
1/4/2014,5:00:00 AM,13.42,January
1/4/2014,6:00:00 AM,13.41,January
1/4/2014,7:00:00 AM,13.43,January
1/4/2014,8:00:00 AM,13.4,January
1/4/2014,9:00:00 AM,13.41,January
1/4/2014,10:00:00 AM,13.42,January
1/4/2014,11:00:00 AM,13.42,January
1/4/2014,12:00:00 PM,13.44,January
1/4/2014,1:00:00 PM,13.39,January
1/4/2014,2:00:00 PM,13.41,January
1/4/2014,3:00:00 PM,13.43,January
1/4/2014,4:00:00 PM,13.47,January
1/4/2014,5:00:00 PM,13.45,January
1/4/2014,6:00:00 PM,13.42,January
1/4/2014,7:00:00 PM,13.43,January
1/4/2014,8:00:00 PM,13.44,January
1/4/2014,9:00:00 PM,13.43,January
1/4/2014,10:00:00 PM,13.41,January
1/4/2014,11:00:00 PM,13.41,January
1/5/2014,12:00:00 AM,13.45,January
1/5/2014,1:00:00 AM,13.45,January
1/5/2014,2:00:00 AM,13.46,January
1/5/2014,3:00:00 AM,13.46,January
1/5/2014,4:00:00 AM,13.47,January
1/5/2014,5:00:00 AM,13.47,January
1/5/2014,6:00:00 AM,13.47,January
1/5/2014,7:00:00 AM,13.46,January
1/5/2014,8:00:00 AM,13.45,January
1/5/2014,9:00:00 AM,13.43,January
1/5/2014,10:00:00 AM,13.43,January
1/5/2014,11:00:00 AM,13.39,January
1/5/2014,12:00:00 PM,13.38,January
1/5/2014,1:00:00 PM,13.37,January
1/5/2014,2:00:00 PM,13.35,January
1/5/2014,3:00:00 PM,13.35,January
1/5/2014,4:00:00 PM,13.34,January
1/5/2014,5:00:00 PM,13.33,January
1/5/2014,6:00:00 PM,13.33,January
1/5/2014,7:00:00 PM,13.32,January
1/5/2014,8:00:00 PM,13.32,January
1/5/2014,9:00:00 PM,13.32,January
1/5/2014,10:00:00 PM,13.31,January
1/5/2014,11:00:00 PM,13.31,January
1/6/2014,12:00:00 AM,13.3,January
1/6/2014,1:00:00 AM,13.3,January
1/6/2014,2:00:00 AM,13.3,January
1/6/2014,3:00:00 AM,13.3,January
1/6/2014,4:00:00 AM,13.3,January
1/6/2014,5:00:00 AM,13.3,January
1/6/2014,6:00:00 AM,13.31,January
1/6/2014,7:00:00 AM,13.3,January
1/6/2014,8:00:00 AM,13.3,January
1/6/2014,9:00:00 AM,13.3,January
1/6/2014,10:00:00 AM,13.29,January
1/6/2014,11:00:00 AM,13.31,January
1/6/2014,12:00:00 PM,13.3,January
1/6/2014,1:00:00 PM,13.27,January
1/6/2014,2:00:00 PM,13.28,January
1/6/2014,3:00:00 PM,13.28,January
1/6/2014,4:00:00 PM,13.29,January
1/6/2014,5:00:00 PM,13.3,January
1/6/2014,6:00:00 PM,13.29,January
1/6/2014,7:00:00 PM,13.3,January
1/6/2014,8:00:00 PM,13.3,January
1/6/2014,9:00:00 PM,13.31,January
1/6/2014,10:00:00 PM,13.3,January
1/6/2014,11:00:00 PM,13.32,January
1/7/2014,12:00:00 AM,13.33,January
1/7/2014,1:00:00 AM,13.32,January
1/7/2014,2:00:00 AM,13.32,January
1/7/2014,3:00:00 AM,13.33,January
1/7/2014,4:00:00 AM,13.32,January
1/7/2014,5:00:00 AM,13.32,January
1/7/2014,6:00:00 AM,13.31,January
1/7/2014,7:00:00 AM,13.32,January
1/7/2014,8:00:00 AM,13.32,January
1/7/2014,9:00:00 AM,13.31,January
1/7/2014,10:00:00 AM,13.31,January
1/7/2014,11:00:00 AM,13.29,January
1/7/2014,12:00:00 PM,13.3,January
1/7/2014,1:00:00 PM,13.25,January
1/7/2014,2:00:00 PM,13.23,January
1/7/2014,3:00:00 PM,13.23,January
1/7/2014,4:00:00 PM,13.23,January
1/7/2014,5:00:00 PM,13.23,January
1/7/2014,6:00:00 PM,13.22,January
1/7/2014,7:00:00 PM,13.22,January
1/7/2014,8:00:00 PM,13.23,January
1/7/2014,9:00:00 PM,13.21,January
1/7/2014,10:00:00 PM,13.22,January
1/7/2014,11:00:00 PM,13.22,January
1/8/2014,12:00:00 AM,13.22,January
1/8/2014,1:00:00 AM,13.21,January
1/8/2014,2:00:00 AM,13.21,January
1/8/2014,3:00:00 AM,13.22,January
1/8/2014,4:00:00 AM,13.21,January
1/8/2014,5:00:00 AM,13.2,January
1/8/2014,6:00:00 AM,13.17,January
1/8/2014,7:00:00 AM,13.16,January
1/8/2014,8:00:00 AM,13.14,January
1/8/2014,9:00:00 AM,13.11,January
1/8/2014,10:00:00 AM,13.08,January
1/8/2014,11:00:00 AM,13.08,January
1/8/2014,12:00:00 PM,13.08,January
1/8/2014,1:00:00 PM,12.97,January
1/8/2014,2:00:00 PM,12.95,January
1/8/2014,3:00:00 PM,12.93,January
1/8/2014,4:00:00 PM,12.92,January
1/8/2014,5:00:00 PM,12.9,January
1/8/2014,6:00:00 PM,12.89,January
1/8/2014,7:00:00 PM,12.89,January
1/8/2014,8:00:00 PM,12.87,January
1/8/2014,9:00:00 PM,12.87,January
1/8/2014,10:00:00 PM,12.86,January
1/8/2014,11:00:00 PM,12.84,January
1/9/2014,12:00:00 AM,12.84,January
1/9/2014,1:00:00 AM,12.84,January
1/9/2014,2:00:00 AM,12.83,January
1/9/2014,3:00:00 AM,12.81,January
1/9/2014,4:00:00 AM,12.79,January
1/9/2014,5:00:00 AM,12.8,January
1/9/2014,6:00:00 AM,12.77,January
1/9/2014,7:00:00 AM,12.76,January
1/9/2014,8:00:00 AM,12.75,January
1/9/2014,9:00:00 AM,12.74,January
1/9/2014,10:00:00 AM,12.73,January
1/9/2014,11:00:00 AM,12.72,January
1/9/2014,12:00:00 PM,12.71,January
1/9/2014,1:00:00 PM,12.7,January
1/9/2014,2:00:00 PM,12.7,January
1/9/2014,3:00:00 PM,12.69,January
1/9/2014,4:00:00 PM,12.69,January
1/9/2014,5:00:00 PM,12.68,January
1/9/2014,6:00:00 PM,12.68,January
1/9/2014,7:00:00 PM,12.68,January
1/9/2014,8:00:00 PM,12.68,January
1/9/2014,9:00:00 PM,12.69,January
1/9/2014,10:00:00 PM,12.69,January
1/9/2014,11:00:00 PM,12.7,January
1/10/2014,12:00:00 AM,12.68,January
1/10/2014,1:00:00 AM,12.69,January
1/10/2014,2:00:00 AM,12.7,January
1/10/2014,3:00:00 AM,12.7,January
1/10/2014,4:00:00 AM,12.68,January
1/10/2014,5:00:00 AM,12.69,January
1/10/2014,6:00:00 AM,12.69,January
1/10/2014,7:00:00 AM,12.67,January
1/10/2014,8:00:00 AM,12.66,January
1/10/2014,9:00:00 AM,12.66,January
1/10/2014,10:00:00 AM,12.67,January
1/10/2014,11:00:00 AM,12.67,January
1/10/2014,12:00:00 PM,12.66,January
1/10/2014,1:00:00 PM,12.62,January
1/10/2014,2:00:00 PM,12.62,January
1/10/2014,3:00:00 PM,12.61,January
1/10/2014,4:00:00 PM,12.61,January
1/10/2014,5:00:00 PM,12.6,January
1/10/2014,6:00:00 PM,12.6,January
1/10/2014,7:00:00 PM,12.61,January
1/10/2014,8:00:00 PM,12.62,January
1/10/2014,9:00:00 PM,12.62,January
1/10/2014,10:00:00 PM,12.63,January
1/10/2014,11:00:00 PM,12.62,January
1/11/2014,12:00:00 AM,12.62,January
1/11/2014,1:00:00 AM,12.62,January
1/11/2014,2:00:00 AM,12.64,January
1/11/2014,3:00:00 AM,12.64,January
1/11/2014,4:00:00 AM,12.65,January
1/11/2014,5:00:00 AM,12.65,January
1/11/2014,6:00:00 AM,12.62,January
1/11/2014,7:00:00 AM,12.63,January
1/11/2014,8:00:00 AM,12.6,January
1/11/2014,9:00:00 AM,12.6,January
1/11/2014,10:00:00 AM,12.6,January
1/11/2014,11:00:00 AM,12.61,January
1/11/2014,12:00:00 PM,12.58,January
1/11/2014,1:00:00 PM,12.53,January
1/11/2014,2:00:00 PM,12.53,January
1/11/2014,3:00:00 PM,12.52,January
1/11/2014,4:00:00 PM,12.51,January
1/11/2014,5:00:00 PM,12.52,January
1/11/2014,6:00:00 PM,12.52,January
1/11/2014,7:00:00 PM,12.51,January
1/11/2014,8:00:00 PM,12.51,January
1/11/2014,9:00:00 PM,12.51,January
1/11/2014,10:00:00 PM,12.51,January
1/11/2014,11:00:00 PM,12.52,January
1/12/2014,12:00:00 AM,12.52,January
1/12/2014,1:00:00 AM,12.52,January
1/12/2014,2:00:00 AM,12.51,January
1/12/2014,3:00:00 AM,12.51,January
1/12/2014,4:00:00 AM,12.51,January
1/12/2014,5:00:00 AM,12.52,January
1/12/2014,6:00:00 AM,12.51,January
1/12/2014,7:00:00 AM,12.51,January
1/12/2014,8:00:00 AM,12.51,January
1/12/2014,9:00:00 AM,12.49,January
1/12/2014,10:00:00 AM,12.48,January
1/12/2014,11:00:00 AM,12.48,January
1/12/2014,12:00:00 PM,12.48,January
1/12/2014,1:00:00 PM,12.47,January
1/12/2014,2:00:00 PM,12.47,January
1/12/2014,3:00:00 PM,12.46,January
1/12/2014,4:00:00 PM,12.45,January
1/12/2014,5:00:00 PM,12.45,January
1/12/2014,6:00:00 PM,12.46,January
1/12/2014,7:00:00 PM,12.46,January
1/12/2014,8:00:00 PM,12.46,January
1/12/2014,9:00:00 PM,12.46,January
1/12/2014,10:00:00 PM,12.46,January
1/12/2014,11:00:00 PM,12.47,January
1/13/2014,12:00:00 AM,12.47,January
1/13/2014,1:00:00 AM,12.47,January
1/13/2014,2:00:00 AM,12.47,January
1/13/2014,3:00:00 AM,12.47,January
1/13/2014,4:00:00 AM,12.47,January
1/13/2014,5:00:00 AM,12.47,January
1/13/2014,6:00:00 AM,12.47,January
1/13/2014,7:00:00 AM,12.46,January
1/13/2014,8:00:00 AM,12.47,January
1/13/2014,9:00:00 AM,12.45,January
1/13/2014,10:00:00 AM,12.45,January
1/13/2014,11:00:00 AM,12.47,January
1/13/2014,12:00:00 PM,12.46,January
1/13/2014,1:00:00 PM,12.44,January
1/13/2014,2:00:00 PM,12.46,January
1/13/2014,3:00:00 PM,12.45,January
1/13/2014,4:00:00 PM,12.47,January
1/13/2014,5:00:00 PM,12.47,January
1/13/2014,6:00:00 PM,12.49,January
1/13/2014,7:00:00 PM,12.49,January
1/13/2014,8:00:00 PM,12.51,January
1/13/2014,9:00:00 PM,12.51,January
1/13/2014,10:00:00 PM,12.51,January
1/13/2014,11:00:00 PM,12.53,January
1/14/2014,12:00:00 AM,12.54,January
1/14/2014,1:00:00 AM,12.56,January
1/14/2014,2:00:00 AM,12.58,January
1/14/2014,3:00:00 AM,12.55,January
1/14/2014,4:00:00 AM,12.56,January
1/14/2014,5:00:00 AM,12.59,January
1/14/2014,6:00:00 AM,12.56,January
1/14/2014,7:00:00 AM,12.56,January
1/14/2014,8:00:00 AM,12.58,January
1/14/2014,9:00:00 AM,12.58,January
1/14/2014,10:00:00 AM,12.58,January
1/14/2014,11:00:00 AM,12.56,January
1/14/2014,12:00:00 PM,12.58,January
1/14/2014,1:00:00 PM,12.6,January
1/14/2014,2:00:00 PM,12.59,January
1/14/2014,3:00:00 PM,12.59,January
1/14/2014,4:00:00 PM,12.57,January
1/14/2014,5:00:00 PM,12.59,January
1/14/2014,6:00:00 PM,12.57,January
1/14/2014,7:00:00 PM,12.58,January
1/14/2014,8:00:00 PM,12.58,January
1/14/2014,9:00:00 PM,12.59,January
1/14/2014,10:00:00 PM,12.59,January
1/14/2014,11:00:00 PM,12.61,January
1/15/2014,12:00:00 AM,12.63,January
1/15/2014,1:00:00 AM,12.64,January
1/15/2014,2:00:00 AM,12.66,January
1/15/2014,3:00:00 AM,12.67,January
1/15/2014,4:00:00 AM,12.67,January
1/15/2014,5:00:00 AM,12.68,January
1/15/2014,6:00:00 AM,12.68,January
1/15/2014,7:00:00 AM,12.68,January
1/15/2014,8:00:00 AM,12.67,January
1/15/2014,9:00:00 AM,12.63,January
1/15/2014,10:00:00 AM,12.68,January
1/15/2014,11:00:00 AM,12.68,January
1/15/2014,12:00:00 PM,12.7,January
1/15/2014,1:00:00 PM,12.64,January
1/15/2014,2:00:00 PM,12.71,January
1/15/2014,3:00:00 PM,12.71,January
1/15/2014,4:00:00 PM,12.69,January
1/15/2014,5:00:00 PM,12.68,January
1/15/2014,6:00:00 PM,12.69,January
1/15/2014,7:00:00 PM,12.65,January
1/15/2014,8:00:00 PM,12.66,January
1/15/2014,9:00:00 PM,12.64,January
1/15/2014,10:00:00 PM,12.63,January
1/15/2014,11:00:00 PM,12.64,January
1/16/2014,12:00:00 AM,12.61,January
1/16/2014,1:00:00 AM,12.66,January
1/16/2014,2:00:00 AM,12.69,January
1/16/2014,3:00:00 AM,12.64,January
1/16/2014,4:00:00 AM,12.62,January
1/16/2014,5:00:00 AM,12.7,January
1/16/2014,6:00:00 AM,12.7,January
1/16/2014,7:00:00 AM,12.67,January
1/16/2014,8:00:00 AM,12.64,January
1/16/2014,9:00:00 AM,12.68,January
1/16/2014,10:00:00 AM,12.62,January
1/16/2014,11:00:00 AM,12.63,January
1/16/2014,12:00:00 PM,12.63,January
1/16/2014,1:00:00 PM,12.58,January
1/16/2014,2:00:00 PM,12.57,January
1/16/2014,3:00:00 PM,12.56,January
1/16/2014,4:00:00 PM,12.56,January
1/16/2014,5:00:00 PM,12.55,January
1/16/2014,6:00:00 PM,12.55,January
1/16/2014,7:00:00 PM,12.54,January
1/16/2014,8:00:00 PM,12.53,January
1/16/2014,9:00:00 PM,12.54,January
1/16/2014,10:00:00 PM,12.54,January
1/16/2014,11:00:00 PM,12.53,January
1/17/2014,12:00:00 AM,12.53,January
1/17/2014,1:00:00 AM,12.52,January
1/17/2014,2:00:00 AM,12.51,January
1/17/2014,3:00:00 AM,12.5,January
1/17/2014,4:00:00 AM,12.5,January
1/17/2014,5:00:00 AM,12.53,January
1/17/2014,6:00:00 AM,12.51,January
1/17/2014,7:00:00 AM,12.52,January
1/17/2014,8:00:00 AM,12.49,January
1/17/2014,9:00:00 AM,12.45,January
1/17/2014,10:00:00 AM,12.43,January
1/17/2014,11:00:00 AM,12.4,January
1/17/2014,12:00:00 PM,12.4,January
1/17/2014,1:00:00 PM,12.35,January
1/17/2014,2:00:00 PM,12.34,January
1/17/2014,3:00:00 PM,12.34,January
1/17/2014,4:00:00 PM,12.33,January
1/17/2014,5:00:00 PM,12.31,January
1/17/2014,6:00:00 PM,12.32,January
1/17/2014,7:00:00 PM,12.34,January
1/17/2014,8:00:00 PM,12.3,January
1/17/2014,9:00:00 PM,12.32,January
1/17/2014,10:00:00 PM,12.28,January
1/17/2014,11:00:00 PM,12.26,January
1/18/2014,12:00:00 AM,12.28,January
1/18/2014,1:00:00 AM,12.24,January
1/18/2014,2:00:00 AM,12.25,January
1/18/2014,3:00:00 AM,12.23,January
1/18/2014,4:00:00 AM,12.24,January
1/18/2014,5:00:00 AM,12.29,January
1/18/2014,6:00:00 AM,12.21,January
1/18/2014,7:00:00 AM,12.25,January
1/18/2014,8:00:00 AM,12.29,January
1/18/2014,9:00:00 AM,12.34,January
1/18/2014,10:00:00 AM,12.15,January
1/18/2014,11:00:00 AM,12.13,January
1/18/2014,12:00:00 PM,12.11,January
1/18/2014,1:00:00 PM,12.09,January
1/18/2014,2:00:00 PM,12.08,January
1/18/2014,3:00:00 PM,12.1,January
1/18/2014,4:00:00 PM,12.09,January
1/18/2014,5:00:00 PM,12.08,January
1/18/2014,6:00:00 PM,12.08,January
1/18/2014,7:00:00 PM,12.07,January
1/18/2014,8:00:00 PM,12.07,January
1/18/2014,9:00:00 PM,12.06,January
1/18/2014,10:00:00 PM,12.06,January
1/18/2014,11:00:00 PM,12.05,January
1/19/2014,12:00:00 AM,12.06,January
1/19/2014,1:00:00 AM,12.06,January
1/19/2014,2:00:00 AM,12.06,January
1/19/2014,3:00:00 AM,12.07,January
1/19/2014,4:00:00 AM,12.06,January
1/19/2014,5:00:00 AM,12.07,January
1/19/2014,6:00:00 AM,12.05,January
1/19/2014,7:00:00 AM,12.06,January
1/19/2014,8:00:00 AM,12.06,January
1/19/2014,9:00:00 AM,12.05,January
1/19/2014,10:00:00 AM,12.05,January
1/19/2014,11:00:00 AM,12.05,January
1/19/2014,12:00:00 PM,12.06,January
1/19/2014,1:00:00 PM,12.03,January
1/19/2014,2:00:00 PM,12.04,January
1/19/2014,3:00:00 PM,12.04,January
1/19/2014,4:00:00 PM,12.06,January
1/19/2014,5:00:00 PM,12.06,January
1/19/2014,6:00:00 PM,12.07,January
1/19/2014,7:00:00 PM,12.08,January
1/19/2014,8:00:00 PM,12.09,January
1/19/2014,9:00:00 PM,12.09,January
1/19/2014,10:00:00 PM,12.1,January
1/19/2014,11:00:00 PM,12.11,January
1/20/2014,12:00:00 AM,12.12,January
1/20/2014,1:00:00 AM,12.13,January
1/20/2014,2:00:00 AM,12.14,January
1/20/2014,3:00:00 AM,12.15,January
1/20/2014,4:00:00 AM,12.15,January
1/20/2014,5:00:00 AM,12.16,January
1/20/2014,6:00:00 AM,12.16,January
1/20/2014,7:00:00 AM,12.15,January
1/20/2014,8:00:00 AM,12.14,January
1/20/2014,9:00:00 AM,12.15,January
1/20/2014,10:00:00 AM,12.14,January
1/20/2014,11:00:00 AM,12.12,January
1/20/2014,12:00:00 PM,12.11,January
1/20/2014,1:00:00 PM,12.13,January
1/20/2014,2:00:00 PM,12.12,January
1/20/2014,3:00:00 PM,12.12,January
1/20/2014,4:00:00 PM,12.12,January
1/20/2014,5:00:00 PM,12.12,January
1/20/2014,6:00:00 PM,12.11,January
1/20/2014,7:00:00 PM,12.11,January
1/20/2014,8:00:00 PM,12.1,January
1/20/2014,9:00:00 PM,12.08,January
1/20/2014,10:00:00 PM,12.07,January
1/20/2014,11:00:00 PM,12.07,January
1/21/2014,12:00:00 AM,12.08,January
1/21/2014,1:00:00 AM,12.07,January
1/21/2014,2:00:00 AM,12.07,January
1/21/2014,3:00:00 AM,12.08,January
1/21/2014,4:00:00 AM,12.07,January
1/21/2014,5:00:00 AM,12.06,January
1/21/2014,6:00:00 AM,12.05,January
1/21/2014,7:00:00 AM,12.03,January
1/21/2014,8:00:00 AM,12.06,January
1/21/2014,9:00:00 AM,12,January
1/21/2014,10:00:00 AM,12.02,January
1/21/2014,11:00:00 AM,12.01,January
1/21/2014,12:00:00 PM,11.99,January
1/21/2014,1:00:00 PM,11.95,January
1/21/2014,2:00:00 PM,11.95,January
1/21/2014,3:00:00 PM,11.94,January
1/21/2014,4:00:00 PM,11.94,January
1/21/2014,5:00:00 PM,11.94,January
1/21/2014,6:00:00 PM,11.93,January
1/21/2014,7:00:00 PM,11.93,January
1/21/2014,8:00:00 PM,11.93,January
1/21/2014,9:00:00 PM,11.93,January
1/21/2014,10:00:00 PM,11.92,January
1/21/2014,11:00:00 PM,11.92,January
1/22/2014,12:00:00 AM,11.92,January
1/22/2014,1:00:00 AM,11.92,January
1/22/2014,2:00:00 AM,11.91,January
1/22/2014,3:00:00 AM,11.92,January
1/22/2014,4:00:00 AM,11.93,January
1/22/2014,5:00:00 AM,11.93,January
1/22/2014,6:00:00 AM,11.93,January
1/22/2014,7:00:00 AM,11.93,January
1/22/2014,8:00:00 AM,11.93,January
1/22/2014,9:00:00 AM,11.92,January
1/22/2014,10:00:00 AM,11.93,January
1/22/2014,11:00:00 AM,11.94,January
1/22/2014,12:00:00 PM,11.94,January
1/22/2014,1:00:00 PM,11.92,January
1/22/2014,2:00:00 PM,11.9,January
1/22/2014,3:00:00 PM,11.9,January
1/22/2014,4:00:00 PM,11.91,January
1/22/2014,5:00:00 PM,11.91,January
1/22/2014,6:00:00 PM,11.91,January
1/22/2014,7:00:00 PM,11.92,January
1/22/2014,8:00:00 PM,11.92,January
1/22/2014,9:00:00 PM,11.93,January
1/22/2014,10:00:00 PM,11.93,January
1/22/2014,11:00:00 PM,11.93,January
1/23/2014,12:00:00 AM,11.92,January
1/23/2014,1:00:00 AM,11.92,January
1/23/2014,2:00:00 AM,11.92,January
1/23/2014,3:00:00 AM,11.91,January
1/23/2014,4:00:00 AM,11.9,January
1/23/2014,5:00:00 AM,11.91,January
1/23/2014,6:00:00 AM,11.91,January
1/23/2014,7:00:00 AM,11.92,January
1/23/2014,8:00:00 AM,11.91,January
1/23/2014,9:00:00 AM,11.91,January
1/23/2014,10:00:00 AM,11.91,January
1/23/2014,11:00:00 AM,11.9,January
1/23/2014,12:00:00 PM,11.89,January
1/23/2014,1:00:00 PM,11.9,January
1/23/2014,2:00:00 PM,11.9,January
1/23/2014,3:00:00 PM,11.91,January
1/23/2014,4:00:00 PM,11.92,January
1/23/2014,5:00:00 PM,11.93,January
1/23/2014,6:00:00 PM,11.94,January
1/23/2014,7:00:00 PM,11.95,January
1/23/2014,8:00:00 PM,11.96,January
1/23/2014,9:00:00 PM,11.96,January
1/23/2014,10:00:00 PM,11.96,January
1/23/2014,11:00:00 PM,11.97,January
1/24/2014,12:00:00 AM,11.96,January
1/24/2014,1:00:00 AM,11.98,January
1/24/2014,2:00:00 AM,11.99,January
1/24/2014,3:00:00 AM,12,January
1/24/2014,4:00:00 AM,11.98,January
1/24/2014,5:00:00 AM,11.97,January
1/24/2014,6:00:00 AM,11.97,January
1/24/2014,7:00:00 AM,11.95,January
1/24/2014,8:00:00 AM,11.98,January
1/24/2014,9:00:00 AM,11.97,January
1/24/2014,10:00:00 AM,11.97,January
1/24/2014,11:00:00 AM,11.98,January
1/24/2014,12:00:00 PM,11.98,January
1/24/2014,1:00:00 PM,11.93,January
1/24/2014,2:00:00 PM,11.93,January
1/24/2014,3:00:00 PM,11.93,January
1/24/2014,4:00:00 PM,11.93,January
1/24/2014,5:00:00 PM,11.94,January
1/24/2014,6:00:00 PM,11.94,January
1/24/2014,7:00:00 PM,11.96,January
1/24/2014,8:00:00 PM,11.95,January
1/24/2014,9:00:00 PM,11.96,January
1/24/2014,10:00:00 PM,11.96,January
1/24/2014,11:00:00 PM,11.97,January
1/25/2014,12:00:00 AM,11.97,January
1/25/2014,1:00:00 AM,11.97,January
1/25/2014,2:00:00 AM,11.97,January
1/25/2014,3:00:00 AM,11.96,January
1/25/2014,4:00:00 AM,11.96,January
1/25/2014,5:00:00 AM,11.95,January
1/25/2014,6:00:00 AM,11.94,January
1/25/2014,7:00:00 AM,11.93,January
1/25/2014,8:00:00 AM,11.94,January
1/25/2014,9:00:00 AM,11.92,January
1/25/2014,10:00:00 AM,11.95,January
1/25/2014,11:00:00 AM,11.94,January
1/25/2014,12:00:00 PM,11.91,January
1/25/2014,1:00:00 PM,11.92,January
1/25/2014,2:00:00 PM,11.91,January
1/25/2014,3:00:00 PM,11.92,January
1/25/2014,4:00:00 PM,11.92,January
1/25/2014,5:00:00 PM,11.92,January
1/25/2014,6:00:00 PM,11.94,January
1/25/2014,7:00:00 PM,11.94,January
1/25/2014,8:00:00 PM,11.94,January
1/25/2014,9:00:00 PM,11.95,January
1/25/2014,10:00:00 PM,11.96,January
1/25/2014,11:00:00 PM,11.96,January
1/26/2014,12:00:00 AM,11.96,January
1/26/2014,1:00:00 AM,11.97,January
1/26/2014,2:00:00 AM,11.97,January
1/26/2014,3:00:00 AM,11.97,January
1/26/2014,4:00:00 AM,11.98,January
1/26/2014,5:00:00 AM,11.97,January
1/26/2014,6:00:00 AM,11.98,January
1/26/2014,7:00:00 AM,11.97,January
1/26/2014,8:00:00 AM,11.97,January
1/26/2014,9:00:00 AM,11.98,January
1/26/2014,10:00:00 AM,11.98,January
1/26/2014,11:00:00 AM,11.95,January
1/26/2014,12:00:00 PM,11.98,January
1/26/2014,1:00:00 PM,11.96,January
1/26/2014,2:00:00 PM,11.95,January
1/26/2014,3:00:00 PM,11.95,January
1/26/2014,4:00:00 PM,11.96,January
1/26/2014,5:00:00 PM,11.97,January
1/26/2014,6:00:00 PM,11.95,January
1/26/2014,7:00:00 PM,11.95,January
1/26/2014,8:00:00 PM,11.98,January
1/26/2014,9:00:00 PM,11.97,January
1/26/2014,10:00:00 PM,11.98,January
1/26/2014,11:00:00 PM,11.99,January
1/27/2014,12:00:00 AM,11.99,January
1/27/2014,1:00:00 AM,12.01,January
1/27/2014,2:00:00 AM,12.01,January
1/27/2014,3:00:00 AM,12.02,January
1/27/2014,4:00:00 AM,12.01,January
1/27/2014,5:00:00 AM,12,January
1/27/2014,6:00:00 AM,12,January
1/27/2014,7:00:00 AM,11.99,January
1/27/2014,8:00:00 AM,12,January
1/27/2014,9:00:00 AM,11.99,January
1/27/2014,10:00:00 AM,11.99,January
1/27/2014,11:00:00 AM,11.99,January
1/27/2014,12:00:00 PM,11.99,January
1/27/2014,1:00:00 PM,11.98,January
1/27/2014,2:00:00 PM,11.98,January
1/27/2014,3:00:00 PM,11.98,January
1/27/2014,4:00:00 PM,11.99,January
1/27/2014,5:00:00 PM,11.98,January
1/27/2014,6:00:00 PM,11.99,January
1/27/2014,7:00:00 PM,11.98,January
1/27/2014,8:00:00 PM,12,January
1/27/2014,9:00:00 PM,11.99,January
1/27/2014,10:00:00 PM,12.02,January
1/27/2014,11:00:00 PM,12.02,January
1/28/2014,12:00:00 AM,12,January
1/28/2014,1:00:00 AM,12.01,January
1/28/2014,2:00:00 AM,12,January
1/28/2014,3:00:00 AM,12.01,January
1/28/2014,4:00:00 AM,12.01,January
1/28/2014,5:00:00 AM,12.01,January
1/28/2014,6:00:00 AM,12,January
1/28/2014,7:00:00 AM,11.99,January
1/28/2014,8:00:00 AM,11.98,January
1/28/2014,9:00:00 AM,11.98,January
1/28/2014,10:00:00 AM,11.98,January
1/28/2014,11:00:00 AM,11.98,January
1/28/2014,12:00:00 PM,11.99,January
1/28/2014,1:00:00 PM,11.96,January
1/28/2014,2:00:00 PM,11.96,January
1/28/2014,3:00:00 PM,11.96,January
1/28/2014,4:00:00 PM,11.96,January
1/28/2014,5:00:00 PM,11.97,January
1/28/2014,6:00:00 PM,11.97,January
1/28/2014,7:00:00 PM,11.98,January
1/28/2014,8:00:00 PM,11.99,January
1/28/2014,9:00:00 PM,12,January
1/28/2014,10:00:00 PM,12.01,January
1/28/2014,11:00:00 PM,12.03,January
1/29/2014,12:00:00 AM,12.04,January
1/29/2014,1:00:00 AM,12.06,January
1/29/2014,2:00:00 AM,12.07,January
1/29/2014,3:00:00 AM,12.06,January
1/29/2014,4:00:00 AM,12.08,January
1/29/2014,5:00:00 AM,12.09,January
1/29/2014,6:00:00 AM,12.07,January
1/29/2014,7:00:00 AM,12.07,January
1/29/2014,8:00:00 AM,12.09,January
1/29/2014,9:00:00 AM,12.07,January
1/29/2014,10:00:00 AM,12.06,January
1/29/2014,11:00:00 AM,12.07,January
1/29/2014,12:00:00 PM,12.06,January
1/29/2014,1:00:00 PM,12.03,January
1/29/2014,2:00:00 PM,12.04,January
1/29/2014,3:00:00 PM,12.04,January
1/29/2014,4:00:00 PM,12.04,January
1/29/2014,5:00:00 PM,12.04,January
1/29/2014,6:00:00 PM,12.05,January
1/29/2014,7:00:00 PM,12.07,January
1/29/2014,8:00:00 PM,12.06,January
1/29/2014,9:00:00 PM,12.08,January
1/29/2014,10:00:00 PM,12.09,January
1/29/2014,11:00:00 PM,12.11,January
1/30/2014,12:00:00 AM,12.14,January
1/30/2014,1:00:00 AM,12.16,January
1/30/2014,2:00:00 AM,12.18,January
1/30/2014,3:00:00 AM,12.22,January
1/30/2014,4:00:00 AM,12.22,January
1/30/2014,5:00:00 AM,12.22,January
1/30/2014,6:00:00 AM,12.25,January
1/30/2014,7:00:00 AM,12.26,January
1/30/2014,8:00:00 AM,12.26,January
1/30/2014,9:00:00 AM,12.27,January
1/30/2014,10:00:00 AM,12.29,January
1/30/2014,11:00:00 AM,12.3,January
1/30/2014,12:00:00 PM,12.3,January
1/30/2014,1:00:00 PM,12.29,January
1/30/2014,2:00:00 PM,12.31,January
1/30/2014,3:00:00 PM,12.32,January
1/30/2014,4:00:00 PM,12.34,January
1/30/2014,5:00:00 PM,12.35,January
1/30/2014,6:00:00 PM,12.37,January
1/30/2014,7:00:00 PM,12.38,January
1/30/2014,8:00:00 PM,12.41,January
1/30/2014,9:00:00 PM,12.41,January
1/30/2014,10:00:00 PM,12.44,January
1/30/2014,11:00:00 PM,12.47,January
1/31/2014,12:00:00 AM,12.52,January
1/31/2014,1:00:00 AM,12.55,January
1/31/2014,2:00:00 AM,12.59,January
1/31/2014,3:00:00 AM,12.58,January
1/31/2014,4:00:00 AM,12.62,January
1/31/2014,5:00:00 AM,12.64,January
1/31/2014,6:00:00 AM,12.65,January
1/31/2014,7:00:00 AM,12.67,January
1/31/2014,8:00:00 AM,12.69,January
1/31/2014,9:00:00 AM,12.67,January
1/31/2014,10:00:00 AM,12.67,January
1/31/2014,11:00:00 AM,12.69,January
1/31/2014,12:00:00 PM,12.69,January
1/31/2014,1:00:00 PM,12.68,January
1/31/2014,2:00:00 PM,12.68,January
1/31/2014,3:00:00 PM,12.7,January
1/31/2014,4:00:00 PM,12.71,January
1/31/2014,5:00:00 PM,12.72,January
1/31/2014,6:00:00 PM,12.72,January
1/31/2014,7:00:00 PM,12.73,January
1/31/2014,8:00:00 PM,12.73,January
1/31/2014,9:00:00 PM,12.74,January
1/31/2014,10:00:00 PM,12.76,January
1/31/2014,11:00:00 PM,12.77,January
2/1/2014,12:00:00 AM,12.79,February
2/1/2014,1:00:00 AM,12.82,February
2/1/2014,2:00:00 AM,12.83,February
2/1/2014,3:00:00 AM,12.85,February
2/1/2014,4:00:00 AM,12.86,February
2/1/2014,5:00:00 AM,12.88,February
2/1/2014,6:00:00 AM,12.88,February
2/1/2014,7:00:00 AM,12.89,February
2/1/2014,8:00:00 AM,12.9,February
2/1/2014,9:00:00 AM,12.93,February
2/1/2014,10:00:00 AM,12.91,February
2/1/2014,11:00:00 AM,12.93,February
2/1/2014,12:00:00 PM,12.93,February
2/1/2014,1:00:00 PM,12.91,February
2/1/2014,2:00:00 PM,12.92,February
2/1/2014,3:00:00 PM,12.93,February
2/1/2014,4:00:00 PM,12.94,February
2/1/2014,5:00:00 PM,12.95,February
2/1/2014,6:00:00 PM,12.95,February
2/1/2014,7:00:00 PM,12.97,February
2/1/2014,8:00:00 PM,12.95,February
2/1/2014,9:00:00 PM,12.94,February
2/1/2014,10:00:00 PM,12.95,February
2/1/2014,11:00:00 PM,12.93,February
2/2/2014,12:00:00 AM,12.95,February
2/2/2014,1:00:00 AM,12.97,February
2/2/2014,2:00:00 AM,12.97,February
2/2/2014,3:00:00 AM,12.98,February
2/2/2014,4:00:00 AM,12.97,February
2/2/2014,5:00:00 AM,12.95,February
2/2/2014,6:00:00 AM,12.94,February
2/2/2014,7:00:00 AM,12.93,February
2/2/2014,8:00:00 AM,12.89,February
2/2/2014,9:00:00 AM,12.87,February
2/2/2014,10:00:00 AM,12.86,February
2/2/2014,11:00:00 AM,12.83,February
2/2/2014,12:00:00 PM,12.81,February
2/2/2014,1:00:00 PM,12.76,February
2/2/2014,2:00:00 PM,12.75,February
2/2/2014,3:00:00 PM,12.74,February
2/2/2014,4:00:00 PM,12.73,February
2/2/2014,5:00:00 PM,12.72,February
2/2/2014,6:00:00 PM,12.71,February
2/2/2014,7:00:00 PM,12.7,February
2/2/2014,8:00:00 PM,12.69,February
2/2/2014,9:00:00 PM,12.68,February
2/2/2014,10:00:00 PM,12.67,February
2/2/2014,11:00:00 PM,12.66,February
2/3/2014,12:00:00 AM,12.67,February
2/3/2014,1:00:00 AM,12.67,February
2/3/2014,2:00:00 AM,12.65,February
2/3/2014,3:00:00 AM,12.65,February
2/3/2014,4:00:00 AM,12.65,February
2/3/2014,5:00:00 AM,12.66,February
2/3/2014,6:00:00 AM,12.69,February
2/3/2014,7:00:00 AM,12.67,February
2/3/2014,8:00:00 AM,12.65,February
2/3/2014,9:00:00 AM,12.64,February
2/3/2014,10:00:00 AM,12.64,February
2/3/2014,11:00:00 AM,12.65,February
2/3/2014,12:00:00 PM,12.63,February
2/3/2014,1:00:00 PM,12.63,February
2/3/2014,2:00:00 PM,12.62,February
2/3/2014,3:00:00 PM,12.63,February
2/3/2014,4:00:00 PM,12.64,February
2/3/2014,5:00:00 PM,12.65,February
2/3/2014,6:00:00 PM,12.65,February
2/3/2014,7:00:00 PM,12.67,February
2/3/2014,8:00:00 PM,12.67,February
2/3/2014,9:00:00 PM,12.67,February
2/3/2014,10:00:00 PM,12.66,February
2/3/2014,11:00:00 PM,12.66,February
2/4/2014,12:00:00 AM,12.67,February
2/4/2014,1:00:00 AM,12.7,February
2/4/2014,2:00:00 AM,12.66,February
2/4/2014,3:00:00 AM,12.66,February
2/4/2014,4:00:00 AM,12.67,February
2/4/2014,5:00:00 AM,12.67,February
2/4/2014,6:00:00 AM,12.67,February
2/4/2014,7:00:00 AM,12.67,February
2/4/2014,8:00:00 AM,12.65,February
2/4/2014,9:00:00 AM,12.65,February
2/4/2014,10:00:00 AM,12.64,February
2/4/2014,11:00:00 AM,12.62,February
2/4/2014,12:00:00 PM,12.62,February
2/4/2014,1:00:00 PM,12.57,February
2/4/2014,2:00:00 PM,12.56,February
2/4/2014,3:00:00 PM,12.55,February
2/4/2014,4:00:00 PM,12.54,February
2/4/2014,5:00:00 PM,12.54,February
2/4/2014,6:00:00 PM,12.54,February
2/4/2014,7:00:00 PM,12.53,February
2/4/2014,8:00:00 PM,12.53,February
2/4/2014,9:00:00 PM,12.54,February
2/4/2014,10:00:00 PM,12.53,February
2/4/2014,11:00:00 PM,12.54,February
2/5/2014,12:00:00 AM,12.52,February
2/5/2014,1:00:00 AM,12.52,February
2/5/2014,2:00:00 AM,12.52,February
2/5/2014,3:00:00 AM,12.53,February
2/5/2014,4:00:00 AM,12.54,February
2/5/2014,5:00:00 AM,12.52,February
2/5/2014,6:00:00 AM,12.55,February
2/5/2014,7:00:00 AM,12.57,February
2/5/2014,8:00:00 AM,12.58,February
2/5/2014,9:00:00 AM,12.58,February
2/5/2014,10:00:00 AM,12.6,February
2/5/2014,11:00:00 AM,12.59,February
2/5/2014,12:00:00 PM,12.59,February
2/5/2014,1:00:00 PM,12.56,February
2/5/2014,2:00:00 PM,12.57,February
2/5/2014,3:00:00 PM,12.58,February
2/5/2014,4:00:00 PM,12.6,February
2/5/2014,5:00:00 PM,12.62,February
2/5/2014,6:00:00 PM,12.61,February
2/5/2014,7:00:00 PM,12.66,February
2/5/2014,8:00:00 PM,12.67,February
2/5/2014,9:00:00 PM,12.65,February
2/5/2014,10:00:00 PM,12.68,February
2/5/2014,11:00:00 PM,12.69,February
2/6/2014,12:00:00 AM,12.71,February
2/6/2014,1:00:00 AM,12.7,February
2/6/2014,2:00:00 AM,12.74,February
2/6/2014,3:00:00 AM,12.75,February
2/6/2014,4:00:00 AM,12.77,February
2/6/2014,5:00:00 AM,12.75,February
2/6/2014,6:00:00 AM,12.78,February
2/6/2014,7:00:00 AM,12.78,February
2/6/2014,8:00:00 AM,12.81,February
2/6/2014,9:00:00 AM,12.85,February
2/6/2014,10:00:00 AM,12.87,February
2/6/2014,11:00:00 AM,12.88,February
2/6/2014,12:00:00 PM,12.88,February
2/6/2014,1:00:00 PM,12.88,February
2/6/2014,2:00:00 PM,12.87,February
2/6/2014,3:00:00 PM,12.92,February
2/6/2014,4:00:00 PM,12.95,February
2/6/2014,5:00:00 PM,12.98,February
2/6/2014,6:00:00 PM,12.99,February
2/6/2014,7:00:00 PM,13.01,February
2/6/2014,8:00:00 PM,13.03,February
2/6/2014,9:00:00 PM,13.07,February
2/6/2014,10:00:00 PM,13.06,February
2/6/2014,11:00:00 PM,13.07,February
2/7/2014,12:00:00 AM,13.11,February
2/7/2014,1:00:00 AM,13.11,February
2/7/2014,2:00:00 AM,13.11,February
2/7/2014,3:00:00 AM,13.12,February
2/7/2014,4:00:00 AM,13.13,February
2/7/2014,5:00:00 AM,13.18,February
2/7/2014,6:00:00 AM,13.17,February
2/7/2014,7:00:00 AM,13.2,February
2/7/2014,8:00:00 AM,13.23,February
2/7/2014,9:00:00 AM,13.21,February
2/7/2014,10:00:00 AM,13.19,February
2/7/2014,11:00:00 AM,13.17,February
2/7/2014,12:00:00 PM,13.21,February
2/7/2014,1:00:00 PM,13.25,February
2/7/2014,2:00:00 PM,13.25,February
2/7/2014,3:00:00 PM,13.3,February
2/7/2014,4:00:00 PM,13.33,February
2/7/2014,5:00:00 PM,13.33,February
2/7/2014,6:00:00 PM,13.34,February
2/7/2014,7:00:00 PM,13.37,February
2/7/2014,8:00:00 PM,13.38,February
2/7/2014,9:00:00 PM,13.4,February
2/7/2014,10:00:00 PM,13.41,February
2/7/2014,11:00:00 PM,13.44,February
2/8/2014,12:00:00 AM,13.48,February
2/8/2014,1:00:00 AM,13.46,February
2/8/2014,2:00:00 AM,13.46,February
2/8/2014,3:00:00 AM,13.49,February
2/8/2014,4:00:00 AM,13.48,February
2/8/2014,5:00:00 AM,13.5,February
2/8/2014,6:00:00 AM,13.53,February
2/8/2014,7:00:00 AM,13.52,February
2/8/2014,8:00:00 AM,13.57,February
2/8/2014,9:00:00 AM,13.55,February
2/8/2014,10:00:00 AM,13.61,February
2/8/2014,11:00:00 AM,13.6,February
2/8/2014,12:00:00 PM,13.62,February
2/8/2014,1:00:00 PM,13.6,February
2/8/2014,2:00:00 PM,13.6,February
2/8/2014,3:00:00 PM,13.61,February
2/8/2014,4:00:00 PM,13.63,February
2/8/2014,5:00:00 PM,13.65,February
2/8/2014,6:00:00 PM,13.68,February
2/8/2014,7:00:00 PM,13.71,February
2/8/2014,8:00:00 PM,13.73,February
2/8/2014,9:00:00 PM,13.79,February
2/8/2014,10:00:00 PM,13.82,February
2/8/2014,11:00:00 PM,13.86,February
2/9/2014,12:00:00 AM,13.9,February
2/9/2014,1:00:00 AM,13.94,February
2/9/2014,2:00:00 AM,13.96,February
2/9/2014,3:00:00 AM,14.01,February
2/9/2014,4:00:00 AM,14.1,February
2/9/2014,5:00:00 AM,14.15,February
2/9/2014,6:00:00 AM,14.2,February
2/9/2014,7:00:00 AM,14.28,February
2/9/2014,8:00:00 AM,14.3,February
2/9/2014,9:00:00 AM,14.37,February
2/9/2014,10:00:00 AM,14.44,February
2/9/2014,11:00:00 AM,14.58,February
2/9/2014,12:00:00 PM,14.61,February
2/9/2014,1:00:00 PM,14.71,February
2/9/2014,2:00:00 PM,14.83,February
2/9/2014,3:00:00 PM,14.9,February
2/9/2014,4:00:00 PM,15.01,February
2/9/2014,5:00:00 PM,15.11,February
2/9/2014,6:00:00 PM,15.2,February
2/9/2014,7:00:00 PM,15.32,February
2/9/2014,8:00:00 PM,15.46,February
2/9/2014,9:00:00 PM,15.57,February
2/9/2014,10:00:00 PM,15.72,February
2/9/2014,11:00:00 PM,15.87,February
2/10/2014,12:00:00 AM,16.04,February
2/10/2014,1:00:00 AM,16.2,February
2/10/2014,2:00:00 AM,16.39,February
2/10/2014,3:00:00 AM,16.5,February
2/10/2014,4:00:00 AM,16.68,February
2/10/2014,5:00:00 AM,16.82,February
2/10/2014,6:00:00 AM,17.01,February
2/10/2014,7:00:00 AM,17.16,February
2/10/2014,8:00:00 AM,17.31,February
2/10/2014,9:00:00 AM,17.48,February
2/10/2014,10:00:00 AM,17.62,February
2/10/2014,11:00:00 AM,17.78,February
2/10/2014,12:00:00 PM,17.92,February
2/10/2014,1:00:00 PM,18.08,February
2/10/2014,2:00:00 PM,18.25,February
2/10/2014,3:00:00 PM,18.41,February
2/10/2014,4:00:00 PM,18.53,February
2/10/2014,5:00:00 PM,18.67,February
2/10/2014,6:00:00 PM,18.82,February
2/10/2014,7:00:00 PM,18.95,February
2/10/2014,8:00:00 PM,19.07,February
2/10/2014,9:00:00 PM,19.21,February
2/10/2014,10:00:00 PM,19.3,February
2/10/2014,11:00:00 PM,19.43,February
2/11/2014,12:00:00 AM,19.56,February
2/11/2014,1:00:00 AM,19.73,February
2/11/2014,2:00:00 AM,19.83,February
2/11/2014,3:00:00 AM,19.96,February
2/11/2014,4:00:00 AM,19.93,February
2/11/2014,5:00:00 AM,20.08,February
2/11/2014,6:00:00 AM,20.17,February
2/11/2014,7:00:00 AM,20.26,February
2/11/2014,8:00:00 AM,20.36,February
2/11/2014,9:00:00 AM,20.46,February
2/11/2014,10:00:00 AM,20.57,February
2/11/2014,11:00:00 AM,20.67,February
2/11/2014,12:00:00 PM,20.78,February
2/11/2014,1:00:00 PM,20.93,February
2/11/2014,2:00:00 PM,21.04,February
2/11/2014,3:00:00 PM,21.18,February
2/11/2014,4:00:00 PM,21.33,February
2/11/2014,5:00:00 PM,21.42,February
2/11/2014,6:00:00 PM,21.64,February
2/11/2014,7:00:00 PM,21.62,February
2/11/2014,8:00:00 PM,21.71,February
2/11/2014,9:00:00 PM,21.75,February
2/11/2014,10:00:00 PM,21.92,February
2/11/2014,11:00:00 PM,21.89,February
2/12/2014,12:00:00 AM,21.95,February
2/12/2014,1:00:00 AM,21.95,February
2/12/2014,2:00:00 AM,21.97,February
2/12/2014,3:00:00 AM,21.97,February
2/12/2014,4:00:00 AM,21.99,February
2/12/2014,5:00:00 AM,21.96,February
2/12/2014,6:00:00 AM,21.94,February
2/12/2014,7:00:00 AM,21.89,February
2/12/2014,8:00:00 AM,21.84,February
2/12/2014,9:00:00 AM,21.79,February
2/12/2014,10:00:00 AM,21.73,February
2/12/2014,11:00:00 AM,21.66,February
2/12/2014,12:00:00 PM,21.66,February
2/12/2014,1:00:00 PM,21.54,February
2/12/2014,2:00:00 PM,21.48,February
2/12/2014,3:00:00 PM,21.42,February
2/12/2014,4:00:00 PM,21.32,February
2/12/2014,5:00:00 PM,21.23,February
2/12/2014,6:00:00 PM,21.11,February
2/12/2014,7:00:00 PM,21,February
2/12/2014,8:00:00 PM,20.92,February
2/12/2014,9:00:00 PM,20.82,February
2/12/2014,10:00:00 PM,20.72,February
2/12/2014,11:00:00 PM,20.61,February
2/13/2014,12:00:00 AM,20.5,February
2/13/2014,1:00:00 AM,20.41,February
2/13/2014,2:00:00 AM,20.3,February
2/13/2014,3:00:00 AM,20.19,February
2/13/2014,4:00:00 AM,20.08,February
2/13/2014,5:00:00 AM,19.97,February
2/13/2014,6:00:00 AM,19.87,February
2/13/2014,7:00:00 AM,19.77,February
2/13/2014,8:00:00 AM,19.63,February
2/13/2014,9:00:00 AM,19.5,February
2/13/2014,10:00:00 AM,19.38,February
2/13/2014,11:00:00 AM,19.26,February
2/13/2014,12:00:00 PM,19.14,February
2/13/2014,1:00:00 PM,19.02,February
2/13/2014,2:00:00 PM,18.9,February
2/13/2014,3:00:00 PM,18.77,February
2/13/2014,4:00:00 PM,18.65,February
2/13/2014,5:00:00 PM,18.54,February
2/13/2014,6:00:00 PM,18.43,February
2/13/2014,7:00:00 PM,18.32,February
2/13/2014,8:00:00 PM,18.22,February
2/13/2014,9:00:00 PM,18.12,February
2/13/2014,10:00:00 PM,18.02,February
2/13/2014,11:00:00 PM,17.92,February
2/14/2014,12:00:00 AM,17.83,February
2/14/2014,1:00:00 AM,17.73,February
2/14/2014,2:00:00 AM,17.64,February
2/14/2014,3:00:00 AM,17.55,February
2/14/2014,4:00:00 AM,17.47,February
2/14/2014,5:00:00 AM,17.39,February
2/14/2014,6:00:00 AM,17.31,February
2/14/2014,7:00:00 AM,17.24,February
2/14/2014,8:00:00 AM,17.16,February
2/14/2014,9:00:00 AM,17.09,February
2/14/2014,10:00:00 AM,17.02,February
2/14/2014,11:00:00 AM,16.96,February
2/14/2014,12:00:00 PM,16.9,February
2/14/2014,1:00:00 PM,16.83,February
2/14/2014,2:00:00 PM,16.76,February
2/14/2014,3:00:00 PM,16.69,February
2/14/2014,4:00:00 PM,16.63,February
2/14/2014,5:00:00 PM,16.57,February
2/14/2014,6:00:00 PM,16.51,February
2/14/2014,7:00:00 PM,16.46,February
2/14/2014,8:00:00 PM,16.41,February
2/14/2014,9:00:00 PM,16.36,February
2/14/2014,10:00:00 PM,16.32,February
2/14/2014,11:00:00 PM,16.29,February
2/15/2014,12:00:00 AM,16.26,February
2/15/2014,1:00:00 AM,16.24,February
2/15/2014,2:00:00 AM,16.23,February
2/15/2014,3:00:00 AM,16.22,February
2/15/2014,4:00:00 AM,16.22,February
2/15/2014,5:00:00 AM,16.21,February
2/15/2014,6:00:00 AM,16.21,February
2/15/2014,7:00:00 AM,16.2,February
2/15/2014,8:00:00 AM,16.2,February
2/15/2014,9:00:00 AM,16.19,February
2/15/2014,10:00:00 AM,16.18,February
2/15/2014,11:00:00 AM,16.18,February
2/15/2014,12:00:00 PM,16.17,February
2/15/2014,1:00:00 PM,16.16,February
2/15/2014,2:00:00 PM,16.14,February
2/15/2014,3:00:00 PM,16.13,February
2/15/2014,4:00:00 PM,16.11,February
2/15/2014,5:00:00 PM,16.1,February
2/15/2014,6:00:00 PM,16.08,February
2/15/2014,7:00:00 PM,16.06,February
2/15/2014,8:00:00 PM,16.05,February
2/15/2014,9:00:00 PM,16.03,February
2/15/2014,10:00:00 PM,16.02,February
2/15/2014,11:00:00 PM,16,February
2/16/2014,12:00:00 AM,16,February
2/16/2014,1:00:00 AM,15.99,February
2/16/2014,2:00:00 AM,15.99,February
2/16/2014,3:00:00 AM,15.98,February
2/16/2014,4:00:00 AM,15.98,February
2/16/2014,5:00:00 AM,15.97,February
2/16/2014,6:00:00 AM,15.97,February
2/16/2014,7:00:00 AM,15.96,February
2/16/2014,8:00:00 AM,15.95,February
2/16/2014,9:00:00 AM,15.95,February
2/16/2014,10:00:00 AM,15.94,February
2/16/2014,11:00:00 AM,15.93,February
2/16/2014,12:00:00 PM,15.92,February
2/16/2014,1:00:00 PM,15.91,February
2/16/2014,2:00:00 PM,15.89,February
2/16/2014,3:00:00 PM,15.88,February
2/16/2014,4:00:00 PM,15.86,February
2/16/2014,5:00:00 PM,15.85,February
2/16/2014,6:00:00 PM,15.83,February
2/16/2014,7:00:00 PM,15.81,February
2/16/2014,8:00:00 PM,15.8,February
2/16/2014,9:00:00 PM,15.78,February
2/16/2014,10:00:00 PM,15.76,February
2/16/2014,11:00:00 PM,15.74,February
2/17/2014,12:00:00 AM,15.73,February
2/17/2014,1:00:00 AM,15.71,February
2/17/2014,2:00:00 AM,15.7,February
2/17/2014,3:00:00 AM,15.69,February
2/17/2014,4:00:00 AM,15.68,February
2/17/2014,5:00:00 AM,15.67,February
2/17/2014,6:00:00 AM,15.66,February
2/17/2014,7:00:00 AM,15.66,February
2/17/2014,8:00:00 AM,15.65,February
2/17/2014,9:00:00 AM,15.63,February
2/17/2014,10:00:00 AM,15.62,February
2/17/2014,11:00:00 AM,15.6,February
2/17/2014,12:00:00 PM,15.58,February
2/17/2014,1:00:00 PM,15.57,February
2/17/2014,2:00:00 PM,15.55,February
2/17/2014,3:00:00 PM,15.53,February
2/17/2014,4:00:00 PM,15.51,February
2/17/2014,5:00:00 PM,15.49,February
2/17/2014,6:00:00 PM,15.47,February
2/17/2014,7:00:00 PM,15.45,February
2/17/2014,8:00:00 PM,15.43,February
2/17/2014,9:00:00 PM,15.41,February
2/17/2014,10:00:00 PM,15.39,February
2/17/2014,11:00:00 PM,15.37,February
2/18/2014,12:00:00 AM,15.35,February
2/18/2014,1:00:00 AM,15.34,February
2/18/2014,2:00:00 AM,15.33,February
2/18/2014,3:00:00 AM,15.32,February
2/18/2014,4:00:00 AM,15.31,February
2/18/2014,5:00:00 AM,15.3,February
2/18/2014,6:00:00 AM,15.3,February
2/18/2014,7:00:00 AM,15.3,February
2/18/2014,8:00:00 AM,15.3,February
2/18/2014,9:00:00 AM,15.29,February
2/18/2014,10:00:00 AM,15.29,February
2/18/2014,11:00:00 AM,15.29,February
2/18/2014,12:00:00 PM,15.29,February
2/18/2014,1:00:00 PM,15.29,February
2/18/2014,2:00:00 PM,15.28,February
2/18/2014,3:00:00 PM,15.28,February
2/18/2014,4:00:00 PM,15.28,February
2/18/2014,5:00:00 PM,15.27,February
2/18/2014,6:00:00 PM,15.27,February
2/18/2014,7:00:00 PM,15.26,February
2/18/2014,8:00:00 PM,15.25,February
2/18/2014,9:00:00 PM,15.24,February
2/18/2014,10:00:00 PM,15.23,February
2/18/2014,11:00:00 PM,15.22,February
2/19/2014,12:00:00 AM,15.21,February
2/19/2014,1:00:00 AM,15.2,February
2/19/2014,2:00:00 AM,15.19,February
2/19/2014,3:00:00 AM,15.17,February
2/19/2014,4:00:00 AM,15.16,February
2/19/2014,5:00:00 AM,15.15,February
2/19/2014,6:00:00 AM,15.14,February
2/19/2014,7:00:00 AM,15.13,February
2/19/2014,8:00:00 AM,15.11,February
2/19/2014,9:00:00 AM,15.09,February
2/19/2014,10:00:00 AM,15.08,February
2/19/2014,11:00:00 AM,15.07,February
2/19/2014,12:00:00 PM,15.05,February
2/19/2014,1:00:00 PM,15.04,February
2/19/2014,2:00:00 PM,15.03,February
2/19/2014,3:00:00 PM,15.02,February
2/19/2014,4:00:00 PM,15.01,February
2/19/2014,5:00:00 PM,14.99,February
2/19/2014,6:00:00 PM,14.98,February
2/19/2014,7:00:00 PM,14.96,February
2/19/2014,8:00:00 PM,14.95,February
2/19/2014,9:00:00 PM,14.93,February
2/19/2014,10:00:00 PM,14.92,February
2/19/2014,11:00:00 PM,14.9,February
2/20/2014,12:00:00 AM,14.87,February
2/20/2014,1:00:00 AM,14.86,February
2/20/2014,2:00:00 AM,14.84,February
2/20/2014,3:00:00 AM,14.82,February
2/20/2014,4:00:00 AM,14.8,February
2/20/2014,5:00:00 AM,14.79,February
2/20/2014,6:00:00 AM,14.77,February
2/20/2014,7:00:00 AM,14.75,February
2/20/2014,8:00:00 AM,14.72,February
2/20/2014,9:00:00 AM,14.7,February
2/20/2014,10:00:00 AM,14.68,February
2/20/2014,11:00:00 AM,14.66,February
2/20/2014,12:00:00 PM,14.64,February
2/20/2014,1:00:00 PM,14.62,February
2/20/2014,2:00:00 PM,14.6,February
2/20/2014,3:00:00 PM,14.58,February
2/20/2014,4:00:00 PM,14.56,February
2/20/2014,5:00:00 PM,14.55,February
2/20/2014,6:00:00 PM,14.53,February
2/20/2014,7:00:00 PM,14.52,February
2/20/2014,8:00:00 PM,14.51,February
2/20/2014,9:00:00 PM,14.49,February
2/20/2014,10:00:00 PM,14.48,February
2/20/2014,11:00:00 PM,14.47,February
2/21/2014,12:00:00 AM,14.45,February
2/21/2014,1:00:00 AM,14.44,February
2/21/2014,2:00:00 AM,14.43,February
2/21/2014,3:00:00 AM,14.42,February
2/21/2014,4:00:00 AM,14.41,February
2/21/2014,5:00:00 AM,14.4,February
2/21/2014,6:00:00 AM,14.39,February
2/21/2014,7:00:00 AM,14.38,February
2/21/2014,8:00:00 AM,14.37,February
2/21/2014,9:00:00 AM,14.36,February
2/21/2014,10:00:00 AM,14.35,February
2/21/2014,11:00:00 AM,14.33,February
2/21/2014,12:00:00 PM,14.32,February
2/21/2014,1:00:00 PM,14.32,February
2/21/2014,2:00:00 PM,14.31,February
2/21/2014,3:00:00 PM,14.3,February
2/21/2014,4:00:00 PM,14.29,February
2/21/2014,5:00:00 PM,14.29,February
2/21/2014,6:00:00 PM,14.28,February
2/21/2014,7:00:00 PM,14.27,February
2/21/2014,8:00:00 PM,14.26,February
2/21/2014,9:00:00 PM,14.25,February
2/21/2014,10:00:00 PM,14.24,February
2/21/2014,11:00:00 PM,14.22,February
2/22/2014,12:00:00 AM,14.21,February
2/22/2014,1:00:00 AM,14.19,February
2/22/2014,2:00:00 AM,14.17,February
2/22/2014,3:00:00 AM,14.15,February
2/22/2014,4:00:00 AM,14.13,February
2/22/2014,5:00:00 AM,14.1,February
2/22/2014,6:00:00 AM,14.07,February
2/22/2014,7:00:00 AM,14.05,February
2/22/2014,8:00:00 AM,14.02,February
2/22/2014,9:00:00 AM,13.99,February
2/22/2014,10:00:00 AM,13.97,February
2/22/2014,11:00:00 AM,13.94,February
2/22/2014,12:00:00 PM,13.92,February
2/22/2014,1:00:00 PM,13.89,February
2/22/2014,2:00:00 PM,13.87,February
2/22/2014,3:00:00 PM,13.85,February
2/22/2014,4:00:00 PM,13.84,February
2/22/2014,5:00:00 PM,13.82,February
2/22/2014,6:00:00 PM,13.8,February
2/22/2014,7:00:00 PM,13.78,February
2/22/2014,8:00:00 PM,13.77,February
2/22/2014,9:00:00 PM,13.75,February
2/22/2014,10:00:00 PM,13.73,February
2/22/2014,11:00:00 PM,13.71,February
2/23/2014,12:00:00 AM,13.69,February
2/23/2014,1:00:00 AM,13.68,February
2/23/2014,2:00:00 AM,13.66,February
2/23/2014,3:00:00 AM,13.64,February
2/23/2014,4:00:00 AM,13.62,February
2/23/2014,5:00:00 AM,13.61,February
2/23/2014,6:00:00 AM,13.59,February
2/23/2014,7:00:00 AM,13.58,February
2/23/2014,8:00:00 AM,13.56,February
2/23/2014,9:00:00 AM,13.54,February
2/23/2014,10:00:00 AM,13.52,February
2/23/2014,11:00:00 AM,13.51,February
2/23/2014,12:00:00 PM,13.49,February
2/23/2014,1:00:00 PM,13.48,February
2/23/2014,2:00:00 PM,13.46,February
2/23/2014,3:00:00 PM,13.46,February
2/23/2014,4:00:00 PM,13.45,February
2/23/2014,5:00:00 PM,13.45,February
2/23/2014,6:00:00 PM,13.45,February
2/23/2014,7:00:00 PM,13.44,February
2/23/2014,8:00:00 PM,13.44,February
2/23/2014,9:00:00 PM,13.44,February
2/23/2014,10:00:00 PM,13.44,February
2/23/2014,11:00:00 PM,13.43,February
2/24/2014,12:00:00 AM,13.43,February
2/24/2014,1:00:00 AM,13.42,February
2/24/2014,2:00:00 AM,13.41,February
2/24/2014,3:00:00 AM,13.41,February
2/24/2014,4:00:00 AM,13.4,February
2/24/2014,5:00:00 AM,13.39,February
2/24/2014,6:00:00 AM,13.38,February
2/24/2014,7:00:00 AM,13.37,February
2/24/2014,8:00:00 AM,13.37,February
2/24/2014,9:00:00 AM,13.36,February
2/24/2014,10:00:00 AM,13.36,February
2/24/2014,11:00:00 AM,13.36,February
2/24/2014,12:00:00 PM,13.35,February
2/24/2014,1:00:00 PM,13.34,February
2/24/2014,2:00:00 PM,13.34,February
2/24/2014,3:00:00 PM,13.33,February
2/24/2014,4:00:00 PM,13.32,February
2/24/2014,5:00:00 PM,13.32,February
2/24/2014,6:00:00 PM,13.32,February
2/24/2014,7:00:00 PM,13.31,February
2/24/2014,8:00:00 PM,13.31,February
2/24/2014,9:00:00 PM,13.31,February
2/24/2014,10:00:00 PM,13.31,February
2/24/2014,11:00:00 PM,13.31,February
2/25/2014,12:00:00 AM,13.3,February
2/25/2014,1:00:00 AM,13.3,February
2/25/2014,2:00:00 AM,13.29,February
2/25/2014,3:00:00 AM,13.29,February
2/25/2014,4:00:00 AM,13.29,February
2/25/2014,5:00:00 AM,13.28,February
2/25/2014,6:00:00 AM,13.27,February
2/25/2014,7:00:00 AM,13.26,February
2/25/2014,8:00:00 AM,13.26,February
2/25/2014,9:00:00 AM,13.26,February
2/25/2014,10:00:00 AM,13.26,February
2/25/2014,11:00:00 AM,13.26,February
2/25/2014,12:00:00 PM,13.26,February
2/25/2014,1:00:00 PM,13.26,February
2/25/2014,2:00:00 PM,13.26,February
2/25/2014,3:00:00 PM,13.26,February
2/25/2014,4:00:00 PM,13.26,February
2/25/2014,5:00:00 PM,13.27,February
2/25/2014,6:00:00 PM,13.27,February
2/25/2014,7:00:00 PM,13.27,February
2/25/2014,8:00:00 PM,13.28,February
2/25/2014,9:00:00 PM,13.29,February
2/25/2014,10:00:00 PM,13.28,February
2/25/2014,11:00:00 PM,13.28,February
2/26/2014,12:00:00 AM,13.28,February
2/26/2014,1:00:00 AM,13.27,February
2/26/2014,2:00:00 AM,13.27,February
2/26/2014,3:00:00 AM,13.26,February
2/26/2014,4:00:00 AM,13.25,February
2/26/2014,5:00:00 AM,13.24,February
2/26/2014,6:00:00 AM,13.24,February
2/26/2014,7:00:00 AM,13.23,February
2/26/2014,8:00:00 AM,13.22,February
2/26/2014,9:00:00 AM,13.22,February
2/26/2014,10:00:00 AM,13.21,February
2/26/2014,11:00:00 AM,13.21,February
2/26/2014,12:00:00 PM,13.21,February
2/26/2014,1:00:00 PM,13.22,February
2/26/2014,2:00:00 PM,NA,February
2/26/2014,3:00:00 PM,13.21,February
2/26/2014,4:00:00 PM,13.21,February
2/26/2014,5:00:00 PM,13.21,February
2/26/2014,6:00:00 PM,13.21,February
2/26/2014,7:00:00 PM,13.21,February
2/26/2014,8:00:00 PM,13.21,February
2/26/2014,9:00:00 PM,13.22,February
2/26/2014,10:00:00 PM,13.22,February
2/26/2014,11:00:00 PM,13.23,February
2/27/2014,12:00:00 AM,13.24,February
2/27/2014,1:00:00 AM,13.24,February
2/27/2014,2:00:00 AM,13.25,February
2/27/2014,3:00:00 AM,13.25,February
2/27/2014,4:00:00 AM,13.25,February
2/27/2014,5:00:00 AM,13.26,February
2/27/2014,6:00:00 AM,13.26,February
2/27/2014,7:00:00 AM,13.26,February
2/27/2014,8:00:00 AM,13.25,February
2/27/2014,9:00:00 AM,13.25,February
2/27/2014,10:00:00 AM,13.26,February
2/27/2014,11:00:00 AM,13.26,February
2/27/2014,12:00:00 PM,13.27,February
2/27/2014,1:00:00 PM,13.26,February
2/27/2014,2:00:00 PM,13.27,February
2/27/2014,3:00:00 PM,13.27,February
2/27/2014,4:00:00 PM,13.28,February
2/27/2014,5:00:00 PM,13.3,February
2/27/2014,6:00:00 PM,13.32,February
2/27/2014,7:00:00 PM,13.34,February
2/27/2014,8:00:00 PM,13.39,February
2/27/2014,9:00:00 PM,13.42,February
2/27/2014,10:00:00 PM,13.46,February
2/27/2014,11:00:00 PM,13.5,February
2/28/2014,12:00:00 AM,13.54,February
2/28/2014,1:00:00 AM,13.58,February
2/28/2014,2:00:00 AM,13.62,February
2/28/2014,3:00:00 AM,13.63,February
2/28/2014,4:00:00 AM,13.67,February
2/28/2014,5:00:00 AM,13.71,February
2/28/2014,6:00:00 AM,13.72,February
2/28/2014,7:00:00 AM,13.75,February
2/28/2014,8:00:00 AM,13.78,February
2/28/2014,9:00:00 AM,13.81,February
2/28/2014,10:00:00 AM,13.82,February
2/28/2014,11:00:00 AM,13.84,February
2/28/2014,12:00:00 PM,13.87,February
2/28/2014,1:00:00 PM,13.88,February
2/28/2014,2:00:00 PM,13.92,February
2/28/2014,3:00:00 PM,13.97,February
2/28/2014,4:00:00 PM,14.02,February
2/28/2014,5:00:00 PM,14.07,February
2/28/2014,6:00:00 PM,14.16,February
2/28/2014,7:00:00 PM,14.3,February
2/28/2014,8:00:00 PM,14.37,February
2/28/2014,9:00:00 PM,14.52,February
2/28/2014,10:00:00 PM,14.73,February
2/28/2014,11:00:00 PM,14.99,February
3/1/2014,12:00:00 AM,15.25,March
3/1/2014,1:00:00 AM,15.48,March
3/1/2014,2:00:00 AM,15.74,March
3/1/2014,3:00:00 AM,15.96,March
3/1/2014,4:00:00 AM,16.18,March
3/1/2014,5:00:00 AM,16.4,March
3/1/2014,6:00:00 AM,16.65,March
3/1/2014,7:00:00 AM,16.85,March
3/1/2014,8:00:00 AM,17.07,March
3/1/2014,9:00:00 AM,17.3,March
3/1/2014,10:00:00 AM,17.47,March
3/1/2014,11:00:00 AM,17.66,March
3/1/2014,12:00:00 PM,17.89,March
3/1/2014,1:00:00 PM,18.06,March
3/1/2014,2:00:00 PM,18.27,March
3/1/2014,3:00:00 PM,18.48,March
3/1/2014,4:00:00 PM,18.69,March
3/1/2014,5:00:00 PM,18.86,March
3/1/2014,6:00:00 PM,19.02,March
3/1/2014,7:00:00 PM,19.17,March
3/1/2014,8:00:00 PM,19.29,March
3/1/2014,9:00:00 PM,19.4,March
3/1/2014,10:00:00 PM,19.49,March
3/1/2014,11:00:00 PM,19.58,March
3/2/2014,12:00:00 AM,19.68,March
3/2/2014,1:00:00 AM,19.76,March
3/2/2014,2:00:00 AM,19.83,March
3/2/2014,3:00:00 AM,19.91,March
3/2/2014,4:00:00 AM,20,March
3/2/2014,5:00:00 AM,20.06,March
3/2/2014,6:00:00 AM,20.11,March
3/2/2014,7:00:00 AM,20.16,March
3/2/2014,8:00:00 AM,20.23,March
3/2/2014,9:00:00 AM,20.28,March
3/2/2014,10:00:00 AM,20.39,March
3/2/2014,11:00:00 AM,20.37,March
3/2/2014,12:00:00 PM,20.41,March
3/2/2014,1:00:00 PM,20.46,March
3/2/2014,2:00:00 PM,20.49,March
3/2/2014,3:00:00 PM,20.53,March
3/2/2014,4:00:00 PM,20.58,March
3/2/2014,5:00:00 PM,20.63,March
3/2/2014,6:00:00 PM,20.65,March
3/2/2014,7:00:00 PM,20.68,March
3/2/2014,8:00:00 PM,20.7,March
3/2/2014,9:00:00 PM,20.73,March
3/2/2014,10:00:00 PM,20.76,March
3/2/2014,11:00:00 PM,20.79,March
3/3/2014,12:00:00 AM,20.83,March
3/3/2014,1:00:00 AM,20.89,March
3/3/2014,2:00:00 AM,20.94,March
3/3/2014,3:00:00 AM,21,March
3/3/2014,4:00:00 AM,20.98,March
3/3/2014,5:00:00 AM,21.06,March
3/3/2014,6:00:00 AM,21.03,March
3/3/2014,7:00:00 AM,21.05,March
3/3/2014,8:00:00 AM,21.06,March
3/3/2014,9:00:00 AM,21.07,March
3/3/2014,10:00:00 AM,21.07,March
3/3/2014,11:00:00 AM,21.04,March
3/3/2014,12:00:00 PM,21.04,March
3/3/2014,1:00:00 PM,20.88,March
3/3/2014,2:00:00 PM,20.86,March
3/3/2014,3:00:00 PM,20.83,March
3/3/2014,4:00:00 PM,20.8,March
3/3/2014,5:00:00 PM,20.77,March
3/3/2014,6:00:00 PM,20.73,March
3/3/2014,7:00:00 PM,20.68,March
3/3/2014,8:00:00 PM,20.64,March
3/3/2014,9:00:00 PM,20.58,March
3/3/2014,10:00:00 PM,20.53,March
3/3/2014,11:00:00 PM,20.47,March
3/4/2014,12:00:00 AM,20.41,March
3/4/2014,1:00:00 AM,20.35,March
3/4/2014,2:00:00 AM,20.29,March
3/4/2014,3:00:00 AM,20.23,March
3/4/2014,4:00:00 AM,20.17,March
3/4/2014,5:00:00 AM,20.11,March
3/4/2014,6:00:00 AM,20.04,March
3/4/2014,7:00:00 AM,19.97,March
3/4/2014,8:00:00 AM,19.91,March
3/4/2014,9:00:00 AM,19.84,March
3/4/2014,10:00:00 AM,19.76,March
3/4/2014,11:00:00 AM,19.68,March
3/4/2014,12:00:00 PM,19.57,March
3/4/2014,1:00:00 PM,19.43,March
3/4/2014,2:00:00 PM,19.3,March
3/4/2014,3:00:00 PM,19.19,March
3/4/2014,4:00:00 PM,19.09,March
3/4/2014,5:00:00 PM,19.01,March
3/4/2014,6:00:00 PM,18.95,March
3/4/2014,7:00:00 PM,18.9,March
3/4/2014,8:00:00 PM,18.87,March
3/4/2014,9:00:00 PM,18.85,March
3/4/2014,10:00:00 PM,18.84,March
3/4/2014,11:00:00 PM,18.84,March
3/5/2014,12:00:00 AM,18.84,March
3/5/2014,1:00:00 AM,18.86,March
3/5/2014,2:00:00 AM,18.89,March
3/5/2014,3:00:00 AM,18.94,March
3/5/2014,4:00:00 AM,19,March
3/5/2014,5:00:00 AM,19.08,March
3/5/2014,6:00:00 AM,19.21,March
3/5/2014,7:00:00 AM,19.33,March
3/5/2014,8:00:00 AM,19.44,March
3/5/2014,9:00:00 AM,19.62,March
3/5/2014,10:00:00 AM,19.9,March
3/5/2014,11:00:00 AM,20.19,March
3/5/2014,12:00:00 PM,20.5,March
3/5/2014,1:00:00 PM,20.8,March
3/5/2014,2:00:00 PM,21.09,March
3/5/2014,3:00:00 PM,21.39,March
3/5/2014,4:00:00 PM,21.67,March
3/5/2014,5:00:00 PM,21.94,March
3/5/2014,6:00:00 PM,22.17,March
3/5/2014,7:00:00 PM,22.4,March
3/5/2014,8:00:00 PM,22.59,March
3/5/2014,9:00:00 PM,22.76,March
3/5/2014,10:00:00 PM,22.92,March
3/5/2014,11:00:00 PM,23.08,March
3/6/2014,12:00:00 AM,23.28,March
3/6/2014,1:00:00 AM,23.48,March
3/6/2014,2:00:00 AM,23.65,March
3/6/2014,3:00:00 AM,23.75,March
3/6/2014,4:00:00 AM,23.82,March
3/6/2014,5:00:00 AM,23.86,March
3/6/2014,6:00:00 AM,23.97,March
3/6/2014,7:00:00 AM,23.92,March
3/6/2014,8:00:00 AM,23.93,March
3/6/2014,9:00:00 AM,23.98,March
3/6/2014,10:00:00 AM,23.98,March
3/6/2014,11:00:00 AM,24,March
3/6/2014,12:00:00 PM,23.94,March
3/6/2014,1:00:00 PM,23.97,March
3/6/2014,2:00:00 PM,23.96,March
3/6/2014,3:00:00 PM,23.95,March
3/6/2014,4:00:00 PM,23.98,March
3/6/2014,5:00:00 PM,24.02,March
3/6/2014,6:00:00 PM,24.01,March
3/6/2014,7:00:00 PM,24.04,March
3/6/2014,8:00:00 PM,23.99,March
3/6/2014,9:00:00 PM,24.03,March
3/6/2014,10:00:00 PM,24.01,March
3/6/2014,11:00:00 PM,23.98,March
3/7/2014,12:00:00 AM,23.95,March
3/7/2014,1:00:00 AM,23.93,March
3/7/2014,2:00:00 AM,23.9,March
3/7/2014,3:00:00 AM,23.87,March
3/7/2014,4:00:00 AM,23.79,March
3/7/2014,5:00:00 AM,23.82,March
3/7/2014,6:00:00 AM,23.76,March
3/7/2014,7:00:00 AM,23.74,March
3/7/2014,8:00:00 AM,23.62,March
3/7/2014,9:00:00 AM,23.66,March
3/7/2014,10:00:00 AM,23.68,March
3/7/2014,11:00:00 AM,23.63,March
3/7/2014,12:00:00 PM,23.58,March
3/7/2014,1:00:00 PM,23.53,March
3/7/2014,2:00:00 PM,23.49,March
3/7/2014,3:00:00 PM,23.47,March
3/7/2014,4:00:00 PM,23.46,March
3/7/2014,5:00:00 PM,23.43,March
3/7/2014,6:00:00 PM,23.41,March
3/7/2014,7:00:00 PM,23.38,March
3/7/2014,8:00:00 PM,23.36,March
3/7/2014,9:00:00 PM,23.33,March
3/7/2014,10:00:00 PM,23.3,March
3/7/2014,11:00:00 PM,23.27,March
3/8/2014,12:00:00 AM,23.24,March
3/8/2014,1:00:00 AM,23.21,March
3/8/2014,2:00:00 AM,23.18,March
3/8/2014,3:00:00 AM,23.18,March
3/8/2014,4:00:00 AM,23.14,March
3/8/2014,5:00:00 AM,23.14,March
3/8/2014,6:00:00 AM,23.1,March
3/8/2014,7:00:00 AM,23.06,March
3/8/2014,8:00:00 AM,23.03,March
3/8/2014,9:00:00 AM,22.99,March
3/8/2014,10:00:00 AM,22.96,March
3/8/2014,11:00:00 AM,22.92,March
3/8/2014,12:00:00 PM,22.89,March
3/8/2014,1:00:00 PM,22.84,March
3/8/2014,2:00:00 PM,22.8,March
3/8/2014,3:00:00 PM,22.75,March
3/8/2014,4:00:00 PM,22.71,March
3/8/2014,5:00:00 PM,22.67,March
3/8/2014,6:00:00 PM,22.62,March
3/8/2014,7:00:00 PM,22.57,March
3/8/2014,8:00:00 PM,22.53,March
3/8/2014,9:00:00 PM,22.48,March
3/8/2014,10:00:00 PM,22.43,March
3/8/2014,11:00:00 PM,22.38,March
3/9/2014,12:00:00 AM,22.33,March
3/9/2014,1:00:00 AM,22.29,March
3/9/2014,2:00:00 AM,22.24,March
3/9/2014,3:00:00 AM,22.19,March
3/9/2014,4:00:00 AM,22.14,March
3/9/2014,5:00:00 AM,22.08,March
3/9/2014,6:00:00 AM,22.03,March
3/9/2014,7:00:00 AM,21.96,March
3/9/2014,8:00:00 AM,21.9,March
3/9/2014,9:00:00 AM,21.84,March
3/9/2014,10:00:00 AM,21.77,March
3/9/2014,11:00:00 AM,21.7,March
3/9/2014,12:00:00 PM,21.63,March
3/9/2014,1:00:00 PM,21.55,March
3/9/2014,2:00:00 PM,21.47,March
3/9/2014,3:00:00 PM,21.4,March
3/9/2014,4:00:00 PM,21.32,March
3/9/2014,5:00:00 PM,21.25,March
3/9/2014,6:00:00 PM,21.18,March
3/9/2014,7:00:00 PM,21.1,March
3/9/2014,8:00:00 PM,21.03,March
3/9/2014,9:00:00 PM,20.95,March
3/9/2014,10:00:00 PM,20.87,March
3/9/2014,11:00:00 PM,20.79,March
3/10/2014,12:00:00 AM,20.71,March
3/10/2014,1:00:00 AM,20.63,March
3/10/2014,2:00:00 AM,20.55,March
3/10/2014,3:00:00 AM,20.47,March
3/10/2014,4:00:00 AM,20.38,March
3/10/2014,5:00:00 AM,20.29,March
3/10/2014,6:00:00 AM,20.2,March
3/10/2014,7:00:00 AM,20.11,March
3/10/2014,8:00:00 AM,20.01,March
3/10/2014,9:00:00 AM,19.9,March
3/10/2014,10:00:00 AM,19.79,March
3/10/2014,11:00:00 AM,19.69,March
3/10/2014,12:00:00 PM,19.58,March
3/10/2014,1:00:00 PM,19.47,March
3/10/2014,2:00:00 PM,19.38,March
3/10/2014,3:00:00 PM,19.29,March
3/10/2014,4:00:00 PM,19.22,March
3/10/2014,5:00:00 PM,19.14,March
3/10/2014,6:00:00 PM,19.08,March
3/10/2014,7:00:00 PM,19.01,March
3/10/2014,8:00:00 PM,18.95,March
3/10/2014,9:00:00 PM,18.9,March
3/10/2014,10:00:00 PM,18.86,March
3/10/2014,11:00:00 PM,18.82,March
3/11/2014,12:00:00 AM,18.78,March
3/11/2014,1:00:00 AM,18.74,March
3/11/2014,2:00:00 AM,18.71,March
3/11/2014,3:00:00 AM,18.69,March
3/11/2014,4:00:00 AM,18.66,March
3/11/2014,5:00:00 AM,18.64,March
3/11/2014,6:00:00 AM,18.62,March
3/11/2014,7:00:00 AM,18.61,March
3/11/2014,8:00:00 AM,18.62,March
3/11/2014,9:00:00 AM,18.63,March
3/11/2014,10:00:00 AM,18.67,March
3/11/2014,11:00:00 AM,18.74,March
3/11/2014,12:00:00 PM,18.83,March
3/11/2014,1:00:00 PM,18.95,March
3/11/2014,2:00:00 PM,19.16,March
3/11/2014,3:00:00 PM,19.3,March
3/11/2014,4:00:00 PM,19.48,March
3/11/2014,5:00:00 PM,19.74,March
3/11/2014,6:00:00 PM,20.01,March
3/11/2014,7:00:00 PM,20.33,March
3/11/2014,8:00:00 PM,20.82,March
3/11/2014,9:00:00 PM,21.22,March
3/11/2014,10:00:00 PM,21.53,March
3/11/2014,11:00:00 PM,21.78,March
3/12/2014,12:00:00 AM,22.01,March
3/12/2014,1:00:00 AM,22.2,March
3/12/2014,2:00:00 AM,22.4,March
3/12/2014,3:00:00 AM,22.54,March
3/12/2014,4:00:00 AM,22.67,March
3/12/2014,5:00:00 AM,22.82,March
3/12/2014,6:00:00 AM,22.91,March
3/12/2014,7:00:00 AM,23.03,March
3/12/2014,8:00:00 AM,23.13,March
3/12/2014,9:00:00 AM,23.26,March
3/12/2014,10:00:00 AM,23.33,March
3/12/2014,11:00:00 AM,23.39,March
3/12/2014,12:00:00 PM,23.44,March
3/12/2014,1:00:00 PM,23.42,March
3/12/2014,2:00:00 PM,23.43,March
3/12/2014,3:00:00 PM,23.42,March
3/12/2014,4:00:00 PM,23.37,March
3/12/2014,5:00:00 PM,23.47,March
3/12/2014,6:00:00 PM,23.38,March
3/12/2014,7:00:00 PM,23.34,March
3/12/2014,8:00:00 PM,23.29,March
3/12/2014,9:00:00 PM,23.21,March
3/12/2014,10:00:00 PM,23.19,March
3/12/2014,11:00:00 PM,23.11,March
3/13/2014,12:00:00 AM,23.06,March
3/13/2014,1:00:00 AM,23,March
3/13/2014,2:00:00 AM,22.9,March
3/13/2014,3:00:00 AM,22.87,March
3/13/2014,4:00:00 AM,22.8,March
3/13/2014,5:00:00 AM,22.75,March
3/13/2014,6:00:00 AM,22.53,March
3/13/2014,7:00:00 AM,22.47,March
3/13/2014,8:00:00 AM,22.22,March
3/13/2014,9:00:00 AM,22.14,March
3/13/2014,10:00:00 AM,22.06,March
3/13/2014,11:00:00 AM,21.97,March
3/13/2014,12:00:00 PM,21.89,March
3/13/2014,1:00:00 PM,21.81,March
3/13/2014,2:00:00 PM,21.72,March
3/13/2014,3:00:00 PM,21.64,March
3/13/2014,4:00:00 PM,21.56,March
3/13/2014,5:00:00 PM,21.48,March
3/13/2014,6:00:00 PM,21.39,March
3/13/2014,7:00:00 PM,21.31,March
3/13/2014,8:00:00 PM,21.22,March
3/13/2014,9:00:00 PM,21.13,March
3/13/2014,10:00:00 PM,21.05,March
3/13/2014,11:00:00 PM,20.96,March
3/14/2014,12:00:00 AM,20.87,March
3/14/2014,1:00:00 AM,20.78,March
3/14/2014,2:00:00 AM,20.69,March
3/14/2014,3:00:00 AM,20.59,March
3/14/2014,4:00:00 AM,20.5,March
3/14/2014,5:00:00 AM,20.4,March
3/14/2014,6:00:00 AM,20.29,March
3/14/2014,7:00:00 AM,20.19,March
3/14/2014,8:00:00 AM,20.09,March
3/14/2014,9:00:00 AM,19.99,March
3/14/2014,10:00:00 AM,19.88,March
3/14/2014,11:00:00 AM,19.78,March
3/14/2014,12:00:00 PM,19.67,March
3/14/2014,1:00:00 PM,19.55,March
3/14/2014,2:00:00 PM,19.44,March
3/14/2014,3:00:00 PM,19.33,March
3/14/2014,4:00:00 PM,19.2,March
3/14/2014,5:00:00 PM,19.09,March
3/14/2014,6:00:00 PM,18.97,March
3/14/2014,7:00:00 PM,18.87,March
3/14/2014,8:00:00 PM,18.76,March
3/14/2014,9:00:00 PM,18.67,March
3/14/2014,10:00:00 PM,18.57,March
3/14/2014,11:00:00 PM,18.49,March
3/15/2014,12:00:00 AM,18.4,March
3/15/2014,1:00:00 AM,18.33,March
3/15/2014,2:00:00 AM,18.26,March
3/15/2014,3:00:00 AM,18.2,March
3/15/2014,4:00:00 AM,18.14,March
3/15/2014,5:00:00 AM,18.09,March
3/15/2014,6:00:00 AM,18.03,March
3/15/2014,7:00:00 AM,17.98,March
3/15/2014,8:00:00 AM,17.92,March
3/15/2014,9:00:00 AM,17.87,March
3/15/2014,10:00:00 AM,17.81,March
3/15/2014,11:00:00 AM,17.76,March
3/15/2014,12:00:00 PM,17.7,March
3/15/2014,1:00:00 PM,17.64,March
3/15/2014,2:00:00 PM,17.58,March
3/15/2014,3:00:00 PM,17.53,March
3/15/2014,4:00:00 PM,17.47,March
3/15/2014,5:00:00 PM,17.41,March
3/15/2014,6:00:00 PM,17.36,March
3/15/2014,7:00:00 PM,17.31,March
3/15/2014,8:00:00 PM,17.25,March
3/15/2014,9:00:00 PM,17.2,March
3/15/2014,10:00:00 PM,17.15,March
3/15/2014,11:00:00 PM,17.1,March
3/16/2014,12:00:00 AM,17.06,March
3/16/2014,1:00:00 AM,17.01,March
3/16/2014,2:00:00 AM,16.97,March
3/16/2014,3:00:00 AM,16.93,March
3/16/2014,4:00:00 AM,16.89,March
3/16/2014,5:00:00 AM,16.85,March
3/16/2014,6:00:00 AM,16.81,March
3/16/2014,7:00:00 AM,16.77,March
3/16/2014,8:00:00 AM,16.73,March
3/16/2014,9:00:00 AM,16.69,March
3/16/2014,10:00:00 AM,16.65,March
3/16/2014,11:00:00 AM,16.62,March
3/16/2014,12:00:00 PM,16.58,March
3/16/2014,1:00:00 PM,16.55,March
3/16/2014,2:00:00 PM,16.52,March
3/16/2014,3:00:00 PM,16.48,March
3/16/2014,4:00:00 PM,16.45,March
3/16/2014,5:00:00 PM,16.42,March
3/16/2014,6:00:00 PM,16.38,March
3/16/2014,7:00:00 PM,16.35,March
3/16/2014,8:00:00 PM,16.32,March
3/16/2014,9:00:00 PM,16.29,March
3/16/2014,10:00:00 PM,16.26,March
3/16/2014,11:00:00 PM,16.24,March
3/17/2014,12:00:00 AM,16.2,March
3/17/2014,1:00:00 AM,16.18,March
3/17/2014,2:00:00 AM,16.15,March
3/17/2014,3:00:00 AM,16.12,March
3/17/2014,4:00:00 AM,16.09,March
3/17/2014,5:00:00 AM,16.06,March
3/17/2014,6:00:00 AM,16.03,March
3/17/2014,7:00:00 AM,16,March
3/17/2014,8:00:00 AM,15.97,March
3/17/2014,9:00:00 AM,15.94,March
3/17/2014,10:00:00 AM,15.92,March
3/17/2014,11:00:00 AM,15.9,March
3/17/2014,12:00:00 PM,15.88,March
3/17/2014,1:00:00 PM,15.85,March
3/17/2014,2:00:00 PM,15.83,March
3/17/2014,3:00:00 PM,15.8,March
3/17/2014,4:00:00 PM,15.78,March
3/17/2014,5:00:00 PM,15.75,March
3/17/2014,6:00:00 PM,15.72,March
3/17/2014,7:00:00 PM,15.69,March
3/17/2014,8:00:00 PM,15.66,March
3/17/2014,9:00:00 PM,15.63,March
3/17/2014,10:00:00 PM,15.61,March
3/17/2014,11:00:00 PM,15.58,March
3/18/2014,12:00:00 AM,15.56,March
3/18/2014,1:00:00 AM,15.54,March
3/18/2014,2:00:00 AM,15.51,March
3/18/2014,3:00:00 AM,15.49,March
3/18/2014,4:00:00 AM,15.47,March
3/18/2014,5:00:00 AM,15.45,March
3/18/2014,6:00:00 AM,15.43,March
3/18/2014,7:00:00 AM,15.4,March
3/18/2014,8:00:00 AM,15.38,March
3/18/2014,9:00:00 AM,15.35,March
3/18/2014,10:00:00 AM,15.33,March
3/18/2014,11:00:00 AM,15.31,March
3/18/2014,12:00:00 PM,15.28,March
3/18/2014,1:00:00 PM,15.26,March
3/18/2014,2:00:00 PM,15.24,March
3/18/2014,3:00:00 PM,15.22,March
3/18/2014,4:00:00 PM,15.19,March
3/18/2014,5:00:00 PM,15.16,March
3/18/2014,6:00:00 PM,15.13,March
3/18/2014,7:00:00 PM,15.1,March
3/18/2014,8:00:00 PM,15.07,March
3/18/2014,9:00:00 PM,15.04,March
3/18/2014,10:00:00 PM,15.01,March
3/18/2014,11:00:00 PM,14.98,March
3/19/2014,12:00:00 AM,14.94,March
3/19/2014,1:00:00 AM,14.91,March
3/19/2014,2:00:00 AM,14.88,March
3/19/2014,3:00:00 AM,14.85,March
3/19/2014,4:00:00 AM,14.82,March
3/19/2014,5:00:00 AM,14.78,March
3/19/2014,6:00:00 AM,14.75,March
3/19/2014,7:00:00 AM,14.71,March
3/19/2014,8:00:00 AM,14.68,March
3/19/2014,9:00:00 AM,14.65,March
3/19/2014,10:00:00 AM,14.61,March
3/19/2014,11:00:00 AM,14.58,March
3/19/2014,12:00:00 PM,14.55,March
3/19/2014,1:00:00 PM,14.5,March
3/19/2014,2:00:00 PM,14.47,March
3/19/2014,3:00:00 PM,14.44,March
3/19/2014,4:00:00 PM,14.4,March
3/19/2014,5:00:00 PM,14.36,March
3/19/2014,6:00:00 PM,14.33,March
3/19/2014,7:00:00 PM,14.3,March
3/19/2014,8:00:00 PM,14.27,March
3/19/2014,9:00:00 PM,14.23,March
3/19/2014,10:00:00 PM,14.21,March
3/19/2014,11:00:00 PM,14.18,March
3/20/2014,12:00:00 AM,14.15,March
3/20/2014,1:00:00 AM,14.13,March
3/20/2014,2:00:00 AM,14.11,March
3/20/2014,3:00:00 AM,14.09,March
3/20/2014,4:00:00 AM,14.07,March
3/20/2014,5:00:00 AM,14.06,March
3/20/2014,6:00:00 AM,14.04,March
3/20/2014,7:00:00 AM,14.02,March
3/20/2014,8:00:00 AM,14.01,March
3/20/2014,9:00:00 AM,14,March
3/20/2014,10:00:00 AM,13.99,March
3/20/2014,11:00:00 AM,13.98,March
3/20/2014,12:00:00 PM,13.97,March
3/20/2014,1:00:00 PM,13.99,March
3/20/2014,2:00:00 PM,13.98,March
3/20/2014,3:00:00 PM,13.98,March
3/20/2014,4:00:00 PM,13.97,March
3/20/2014,5:00:00 PM,13.96,March
3/20/2014,6:00:00 PM,13.95,March
3/20/2014,7:00:00 PM,13.94,March
3/20/2014,8:00:00 PM,13.93,March
3/20/2014,9:00:00 PM,13.92,March
3/20/2014,10:00:00 PM,13.91,March
3/20/2014,11:00:00 PM,13.89,March
3/21/2014,12:00:00 AM,13.88,March
3/21/2014,1:00:00 AM,13.87,March
3/21/2014,2:00:00 AM,13.86,March
3/21/2014,3:00:00 AM,13.85,March
3/21/2014,4:00:00 AM,13.84,March
3/21/2014,5:00:00 AM,13.83,March
3/21/2014,6:00:00 AM,13.82,March
3/21/2014,7:00:00 AM,13.82,March
3/21/2014,8:00:00 AM,13.81,March
3/21/2014,9:00:00 AM,13.8,March
3/21/2014,10:00:00 AM,13.8,March
3/21/2014,11:00:00 AM,13.79,March
3/21/2014,12:00:00 PM,13.79,March
3/21/2014,1:00:00 PM,13.78,March
3/21/2014,2:00:00 PM,13.78,March
3/21/2014,3:00:00 PM,13.78,March
3/21/2014,4:00:00 PM,13.78,March
3/21/2014,5:00:00 PM,13.78,March
3/21/2014,6:00:00 PM,13.78,March
3/21/2014,7:00:00 PM,13.78,March
3/21/2014,8:00:00 PM,13.78,March
3/21/2014,9:00:00 PM,13.77,March
3/21/2014,10:00:00 PM,13.77,March
3/21/2014,11:00:00 PM,13.76,March
3/22/2014,12:00:00 AM,13.76,March
3/22/2014,1:00:00 AM,13.75,March
3/22/2014,2:00:00 AM,13.75,March
3/22/2014,3:00:00 AM,13.75,March
3/22/2014,4:00:00 AM,13.74,March
3/22/2014,5:00:00 AM,13.74,March
3/22/2014,6:00:00 AM,13.73,March
3/22/2014,7:00:00 AM,13.73,March
3/22/2014,8:00:00 AM,13.73,March
3/22/2014,9:00:00 AM,13.72,March
3/22/2014,10:00:00 AM,13.72,March
3/22/2014,11:00:00 AM,13.72,March
3/22/2014,12:00:00 PM,13.72,March
3/22/2014,1:00:00 PM,13.71,March
3/22/2014,2:00:00 PM,13.7,March
3/22/2014,3:00:00 PM,13.71,March
3/22/2014,4:00:00 PM,13.71,March
3/22/2014,5:00:00 PM,13.72,March
3/22/2014,6:00:00 PM,13.73,March
3/22/2014,7:00:00 PM,13.73,March
3/22/2014,8:00:00 PM,13.73,March
3/22/2014,9:00:00 PM,13.73,March
3/22/2014,10:00:00 PM,13.74,March
3/22/2014,11:00:00 PM,13.74,March
3/23/2014,12:00:00 AM,13.75,March
3/23/2014,1:00:00 AM,13.75,March
3/23/2014,2:00:00 AM,13.75,March
3/23/2014,3:00:00 AM,13.76,March
3/23/2014,4:00:00 AM,13.76,March
3/23/2014,5:00:00 AM,13.76,March
3/23/2014,6:00:00 AM,13.76,March
3/23/2014,7:00:00 AM,13.76,March
3/23/2014,8:00:00 AM,13.77,March
3/23/2014,9:00:00 AM,13.81,March
3/23/2014,10:00:00 AM,13.8,March
3/23/2014,11:00:00 AM,13.81,March
3/23/2014,12:00:00 PM,13.81,March
3/23/2014,1:00:00 PM,13.78,March
3/23/2014,2:00:00 PM,13.78,March
3/23/2014,3:00:00 PM,13.79,March
3/23/2014,4:00:00 PM,13.8,March
3/23/2014,5:00:00 PM,13.81,March
3/23/2014,6:00:00 PM,13.81,March
3/23/2014,7:00:00 PM,13.83,March
3/23/2014,8:00:00 PM,13.83,March
3/23/2014,9:00:00 PM,13.83,March
3/23/2014,10:00:00 PM,13.84,March
3/23/2014,11:00:00 PM,13.84,March
3/24/2014,12:00:00 AM,13.84,March
3/24/2014,1:00:00 AM,13.84,March
3/24/2014,2:00:00 AM,13.84,March
3/24/2014,3:00:00 AM,13.83,March
3/24/2014,4:00:00 AM,13.83,March
3/24/2014,5:00:00 AM,13.82,March
3/24/2014,6:00:00 AM,13.82,March
3/24/2014,7:00:00 AM,13.81,March
3/24/2014,8:00:00 AM,13.81,March
3/24/2014,9:00:00 AM,13.81,March
3/24/2014,10:00:00 AM,13.8,March
3/24/2014,11:00:00 AM,13.79,March
3/24/2014,12:00:00 PM,13.79,March
3/24/2014,1:00:00 PM,13.77,March
3/24/2014,2:00:00 PM,13.77,March
3/24/2014,3:00:00 PM,13.76,March
3/24/2014,4:00:00 PM,13.76,March
3/24/2014,5:00:00 PM,13.75,March
3/24/2014,6:00:00 PM,13.75,March
3/24/2014,7:00:00 PM,13.74,March
3/24/2014,8:00:00 PM,13.74,March
3/24/2014,9:00:00 PM,13.74,March
3/24/2014,10:00:00 PM,13.73,March
3/24/2014,11:00:00 PM,13.73,March
3/25/2014,12:00:00 AM,13.72,March
3/25/2014,1:00:00 AM,13.72,March
3/25/2014,2:00:00 AM,13.71,March
3/25/2014,3:00:00 AM,13.71,March
3/25/2014,4:00:00 AM,13.7,March
3/25/2014,5:00:00 AM,13.69,March
3/25/2014,6:00:00 AM,13.69,March
3/25/2014,7:00:00 AM,13.68,March
3/25/2014,8:00:00 AM,13.67,March
3/25/2014,9:00:00 AM,13.67,March
3/25/2014,10:00:00 AM,13.66,March
3/25/2014,11:00:00 AM,13.66,March
3/25/2014,12:00:00 PM,13.65,March
3/25/2014,1:00:00 PM,13.65,March
3/25/2014,2:00:00 PM,13.64,March
3/25/2014,3:00:00 PM,13.63,March
3/25/2014,4:00:00 PM,13.62,March
3/25/2014,5:00:00 PM,13.62,March
3/25/2014,6:00:00 PM,13.61,March
3/25/2014,7:00:00 PM,13.61,March
3/25/2014,8:00:00 PM,13.61,March
3/25/2014,9:00:00 PM,13.61,March
3/25/2014,10:00:00 PM,13.6,March
3/25/2014,11:00:00 PM,13.6,March
3/26/2014,12:00:00 AM,13.59,March
3/26/2014,1:00:00 AM,13.58,March
3/26/2014,2:00:00 AM,13.57,March
3/26/2014,3:00:00 AM,13.56,March
3/26/2014,4:00:00 AM,13.55,March
3/26/2014,5:00:00 AM,13.55,March
3/26/2014,6:00:00 AM,13.55,March
3/26/2014,7:00:00 AM,13.52,March
3/26/2014,8:00:00 AM,13.53,March
3/26/2014,9:00:00 AM,13.51,March
3/26/2014,10:00:00 AM,13.51,March
3/26/2014,11:00:00 AM,13.5,March
3/26/2014,12:00:00 PM,13.5,March
3/26/2014,1:00:00 PM,13.5,March
3/26/2014,2:00:00 PM,13.5,March
3/26/2014,3:00:00 PM,13.5,March
3/26/2014,4:00:00 PM,13.5,March
3/26/2014,5:00:00 PM,13.5,March
3/26/2014,6:00:00 PM,13.5,March
3/26/2014,7:00:00 PM,13.49,March
3/26/2014,8:00:00 PM,13.5,March
3/26/2014,9:00:00 PM,13.5,March
3/26/2014,10:00:00 PM,13.5,March
3/26/2014,11:00:00 PM,13.51,March
3/27/2014,12:00:00 AM,13.52,March
3/27/2014,1:00:00 AM,13.53,March
3/27/2014,2:00:00 AM,13.56,March
3/27/2014,3:00:00 AM,13.56,March
3/27/2014,4:00:00 AM,13.57,March
3/27/2014,5:00:00 AM,13.68,March
3/27/2014,6:00:00 AM,13.93,March
3/27/2014,7:00:00 AM,14.68,March
3/27/2014,8:00:00 AM,13.6,March
3/27/2014,9:00:00 AM,13.61,March
3/27/2014,10:00:00 AM,13.62,March
3/27/2014,11:00:00 AM,13.63,March
3/27/2014,12:00:00 PM,13.64,March
3/27/2014,1:00:00 PM,13.64,March
3/27/2014,2:00:00 PM,13.64,March
3/27/2014,3:00:00 PM,13.65,March
3/27/2014,4:00:00 PM,13.66,March
3/27/2014,5:00:00 PM,13.69,March
3/27/2014,6:00:00 PM,13.69,March
3/27/2014,7:00:00 PM,13.7,March
3/27/2014,8:00:00 PM,13.72,March
3/27/2014,9:00:00 PM,13.72,March
3/27/2014,10:00:00 PM,13.73,March
3/27/2014,11:00:00 PM,13.74,March
3/28/2014,12:00:00 AM,13.75,March
3/28/2014,1:00:00 AM,13.76,March
3/28/2014,2:00:00 AM,13.76,March
3/28/2014,3:00:00 AM,13.77,March
3/28/2014,4:00:00 AM,13.76,March
3/28/2014,5:00:00 AM,13.76,March
3/28/2014,6:00:00 AM,13.77,March
3/28/2014,7:00:00 AM,13.77,March
3/28/2014,8:00:00 AM,13.8,March
3/28/2014,9:00:00 AM,13.8,March
3/28/2014,10:00:00 AM,13.81,March
3/28/2014,11:00:00 AM,13.81,March
3/28/2014,12:00:00 PM,13.81,March
3/28/2014,1:00:00 PM,13.78,March
3/28/2014,2:00:00 PM,13.78,March
3/28/2014,3:00:00 PM,13.79,March
3/28/2014,4:00:00 PM,13.79,March
3/28/2014,5:00:00 PM,13.8,March
3/28/2014,6:00:00 PM,13.81,March
3/28/2014,7:00:00 PM,13.82,March
3/28/2014,8:00:00 PM,13.82,March
3/28/2014,9:00:00 PM,13.83,March
3/28/2014,10:00:00 PM,13.84,March
3/28/2014,11:00:00 PM,13.86,March
3/29/2014,12:00:00 AM,13.87,March
3/29/2014,1:00:00 AM,13.88,March
3/29/2014,2:00:00 AM,13.9,March
3/29/2014,3:00:00 AM,13.91,March
3/29/2014,4:00:00 AM,13.92,March
3/29/2014,5:00:00 AM,13.94,March
3/29/2014,6:00:00 AM,13.96,March
3/29/2014,7:00:00 AM,13.97,March
3/29/2014,8:00:00 AM,13.99,March
3/29/2014,9:00:00 AM,14,March
3/29/2014,10:00:00 AM,14.01,March
3/29/2014,11:00:00 AM,14.02,March
3/29/2014,12:00:00 PM,14.04,March
3/29/2014,1:00:00 PM,14.04,March
3/29/2014,2:00:00 PM,14.06,March
3/29/2014,3:00:00 PM,14.08,March
3/29/2014,4:00:00 PM,14.09,March
3/29/2014,5:00:00 PM,14.11,March
3/29/2014,6:00:00 PM,14.11,March
3/29/2014,7:00:00 PM,14.13,March
3/29/2014,8:00:00 PM,14.14,March
3/29/2014,9:00:00 PM,14.15,March
3/29/2014,10:00:00 PM,14.16,March
3/29/2014,11:00:00 PM,14.18,March
3/30/2014,12:00:00 AM,14.18,March
3/30/2014,1:00:00 AM,14.19,March
3/30/2014,2:00:00 AM,14.2,March
3/30/2014,3:00:00 AM,14.21,March
3/30/2014,4:00:00 AM,14.21,March
3/30/2014,5:00:00 AM,14.22,March
3/30/2014,6:00:00 AM,14.22,March
3/30/2014,7:00:00 AM,14.24,March
3/30/2014,8:00:00 AM,14.24,March
3/30/2014,9:00:00 AM,14.25,March
3/30/2014,10:00:00 AM,14.25,March
3/30/2014,11:00:00 AM,14.26,March
3/30/2014,12:00:00 PM,14.27,March
3/30/2014,1:00:00 PM,14.27,March
3/30/2014,2:00:00 PM,14.28,March
3/30/2014,3:00:00 PM,14.29,March
3/30/2014,4:00:00 PM,14.3,March
3/30/2014,5:00:00 PM,14.32,March
3/30/2014,6:00:00 PM,14.33,March
3/30/2014,7:00:00 PM,14.34,March
3/30/2014,8:00:00 PM,14.36,March
3/30/2014,9:00:00 PM,14.41,March
3/30/2014,10:00:00 PM,14.5,March
3/30/2014,11:00:00 PM,14.54,March
3/31/2014,12:00:00 AM,14.65,March
3/31/2014,1:00:00 AM,14.82,March
3/31/2014,2:00:00 AM,14.97,March
3/31/2014,3:00:00 AM,15.15,March
3/31/2014,4:00:00 AM,15.5,March
3/31/2014,5:00:00 AM,15.72,March
3/31/2014,6:00:00 AM,15.95,March
3/31/2014,7:00:00 AM,16.24,March
3/31/2014,8:00:00 AM,16.54,March
3/31/2014,9:00:00 AM,16.81,March
3/31/2014,10:00:00 AM,17.1,March
3/31/2014,11:00:00 AM,17.39,March
3/31/2014,12:00:00 PM,17.68,March
3/31/2014,1:00:00 PM,17.92,March
3/31/2014,2:00:00 PM,18.18,March
3/31/2014,3:00:00 PM,18.41,March
3/31/2014,4:00:00 PM,18.63,March
3/31/2014,5:00:00 PM,18.8,March
3/31/2014,6:00:00 PM,18.91,March
3/31/2014,7:00:00 PM,19.03,March
3/31/2014,8:00:00 PM,19.13,March
3/31/2014,9:00:00 PM,19.25,March
3/31/2014,10:00:00 PM,19.35,March
3/31/2014,11:00:00 PM,19.44,March
4/1/2014,12:00:00 AM,19.51,April
4/1/2014,1:00:00 AM,19.58,April
4/1/2014,2:00:00 AM,19.64,April
4/1/2014,3:00:00 AM,19.7,April
4/1/2014,4:00:00 AM,19.75,April
4/1/2014,5:00:00 AM,19.79,April
4/1/2014,6:00:00 AM,19.82,April
4/1/2014,7:00:00 AM,19.87,April
4/1/2014,8:00:00 AM,19.83,April
4/1/2014,9:00:00 AM,19.84,April
4/1/2014,10:00:00 AM,19.87,April
4/1/2014,11:00:00 AM,19.86,April
4/1/2014,12:00:00 PM,19.84,April
4/1/2014,1:00:00 PM,19.78,April
4/1/2014,2:00:00 PM,19.81,April
4/1/2014,3:00:00 PM,19.76,April
4/1/2014,4:00:00 PM,19.75,April
4/1/2014,5:00:00 PM,19.75,April
4/1/2014,6:00:00 PM,19.71,April
4/1/2014,7:00:00 PM,19.73,April
4/1/2014,8:00:00 PM,19.67,April
4/1/2014,9:00:00 PM,19.65,April
4/1/2014,10:00:00 PM,19.58,April
4/1/2014,11:00:00 PM,19.55,April
4/2/2014,12:00:00 AM,19.5,April
4/2/2014,1:00:00 AM,19.43,April
4/2/2014,2:00:00 AM,19.39,April
4/2/2014,3:00:00 AM,19.35,April
4/2/2014,4:00:00 AM,19.32,April
4/2/2014,5:00:00 AM,19.29,April
4/2/2014,6:00:00 AM,19.26,April
4/2/2014,7:00:00 AM,19.23,April
4/2/2014,8:00:00 AM,19.21,April
4/2/2014,9:00:00 AM,19.22,April
4/2/2014,10:00:00 AM,19.2,April
4/2/2014,11:00:00 AM,19.19,April
4/2/2014,12:00:00 PM,19.19,April
4/2/2014,1:00:00 PM,19.17,April
4/2/2014,2:00:00 PM,19.19,April
4/2/2014,3:00:00 PM,19.17,April
4/2/2014,4:00:00 PM,19.17,April
4/2/2014,5:00:00 PM,19.15,April
4/2/2014,6:00:00 PM,19.15,April
4/2/2014,7:00:00 PM,19.16,April
4/2/2014,8:00:00 PM,19.16,April
4/2/2014,9:00:00 PM,19.15,April
4/2/2014,10:00:00 PM,19.17,April
4/2/2014,11:00:00 PM,19.19,April
4/3/2014,12:00:00 AM,19.2,April
4/3/2014,1:00:00 AM,19.21,April
4/3/2014,2:00:00 AM,19.23,April
4/3/2014,3:00:00 AM,19.25,April
4/3/2014,4:00:00 AM,19.27,April
4/3/2014,5:00:00 AM,19.27,April
4/3/2014,6:00:00 AM,19.28,April
4/3/2014,7:00:00 AM,19.29,April
4/3/2014,8:00:00 AM,19.32,April
4/3/2014,9:00:00 AM,19.33,April
4/3/2014,10:00:00 AM,19.35,April
4/3/2014,11:00:00 AM,19.36,April
4/3/2014,12:00:00 PM,19.38,April
4/3/2014,1:00:00 PM,19.35,April
4/3/2014,2:00:00 PM,19.35,April
4/3/2014,3:00:00 PM,19.36,April
4/3/2014,4:00:00 PM,19.36,April
4/3/2014,5:00:00 PM,19.35,April
4/3/2014,6:00:00 PM,19.34,April
4/3/2014,7:00:00 PM,19.33,April
4/3/2014,8:00:00 PM,19.32,April
4/3/2014,9:00:00 PM,19.3,April
4/3/2014,10:00:00 PM,19.28,April
4/3/2014,11:00:00 PM,19.26,April
4/4/2014,12:00:00 AM,19.23,April
4/4/2014,1:00:00 AM,19.21,April
4/4/2014,2:00:00 AM,19.18,April
4/4/2014,3:00:00 AM,19.15,April
4/4/2014,4:00:00 AM,19.11,April
4/4/2014,5:00:00 AM,19.08,April
4/4/2014,6:00:00 AM,19.05,April
4/4/2014,7:00:00 AM,19.02,April
4/4/2014,8:00:00 AM,18.98,April
4/4/2014,9:00:00 AM,18.95,April
4/4/2014,10:00:00 AM,18.93,April
4/4/2014,11:00:00 AM,18.89,April
4/4/2014,12:00:00 PM,18.86,April
4/4/2014,1:00:00 PM,18.82,April
4/4/2014,2:00:00 PM,18.78,April
4/4/2014,3:00:00 PM,18.74,April
4/4/2014,4:00:00 PM,18.7,April
4/4/2014,5:00:00 PM,18.66,April
4/4/2014,6:00:00 PM,18.61,April
4/4/2014,7:00:00 PM,18.56,April
4/4/2014,8:00:00 PM,18.52,April
4/4/2014,9:00:00 PM,18.47,April
4/4/2014,10:00:00 PM,18.42,April
4/4/2014,11:00:00 PM,18.37,April
4/5/2014,12:00:00 AM,18.33,April
4/5/2014,1:00:00 AM,18.28,April
4/5/2014,2:00:00 AM,18.24,April
4/5/2014,3:00:00 AM,18.19,April
4/5/2014,4:00:00 AM,18.15,April
4/5/2014,5:00:00 AM,18.1,April
4/5/2014,6:00:00 AM,18.06,April
4/5/2014,7:00:00 AM,18.02,April
4/5/2014,8:00:00 AM,17.98,April
4/5/2014,9:00:00 AM,17.94,April
4/5/2014,10:00:00 AM,17.9,April
4/5/2014,11:00:00 AM,17.86,April
4/5/2014,12:00:00 PM,17.82,April
4/5/2014,1:00:00 PM,17.77,April
4/5/2014,2:00:00 PM,17.73,April
4/5/2014,3:00:00 PM,17.69,April
4/5/2014,4:00:00 PM,17.65,April
4/5/2014,5:00:00 PM,17.61,April
4/5/2014,6:00:00 PM,17.57,April
4/5/2014,7:00:00 PM,17.53,April
4/5/2014,8:00:00 PM,17.49,April
4/5/2014,9:00:00 PM,17.45,April
4/5/2014,10:00:00 PM,17.41,April
4/5/2014,11:00:00 PM,17.37,April
4/6/2014,12:00:00 AM,17.33,April
4/6/2014,1:00:00 AM,17.28,April
4/6/2014,2:00:00 AM,17.23,April
4/6/2014,3:00:00 AM,17.18,April
4/6/2014,4:00:00 AM,17.13,April
4/6/2014,5:00:00 AM,17.08,April
4/6/2014,6:00:00 AM,17.03,April
4/6/2014,7:00:00 AM,16.98,April
4/6/2014,8:00:00 AM,16.94,April
4/6/2014,9:00:00 AM,16.91,April
4/6/2014,10:00:00 AM,16.87,April
4/6/2014,11:00:00 AM,16.84,April
4/6/2014,12:00:00 PM,16.8,April
4/6/2014,1:00:00 PM,16.77,April
4/6/2014,2:00:00 PM,16.74,April
4/6/2014,3:00:00 PM,16.71,April
4/6/2014,4:00:00 PM,16.68,April
4/6/2014,5:00:00 PM,16.64,April
4/6/2014,6:00:00 PM,16.62,April
4/6/2014,7:00:00 PM,16.59,April
4/6/2014,8:00:00 PM,16.56,April
4/6/2014,9:00:00 PM,16.53,April
4/6/2014,10:00:00 PM,16.5,April
4/6/2014,11:00:00 PM,16.46,April
4/7/2014,12:00:00 AM,16.43,April
4/7/2014,1:00:00 AM,16.4,April
4/7/2014,2:00:00 AM,16.37,April
4/7/2014,3:00:00 AM,16.34,April
4/7/2014,4:00:00 AM,16.3,April
4/7/2014,5:00:00 AM,16.27,April
4/7/2014,6:00:00 AM,16.23,April
4/7/2014,7:00:00 AM,16.2,April
4/7/2014,8:00:00 AM,16.17,April
4/7/2014,9:00:00 AM,16.14,April
4/7/2014,10:00:00 AM,16.12,April
4/7/2014,11:00:00 AM,16.09,April
4/7/2014,12:00:00 PM,16.06,April
4/7/2014,1:00:00 PM,16.03,April
4/7/2014,2:00:00 PM,16,April
4/7/2014,3:00:00 PM,15.97,April
4/7/2014,4:00:00 PM,15.94,April
4/7/2014,5:00:00 PM,15.91,April
4/7/2014,6:00:00 PM,15.87,April
4/7/2014,7:00:00 PM,15.84,April
4/7/2014,8:00:00 PM,15.82,April
4/7/2014,9:00:00 PM,15.78,April
4/7/2014,10:00:00 PM,15.75,April
4/7/2014,11:00:00 PM,15.72,April
4/8/2014,12:00:00 AM,15.69,April
4/8/2014,1:00:00 AM,15.66,April
4/8/2014,2:00:00 AM,15.63,April
4/8/2014,3:00:00 AM,15.6,April
4/8/2014,4:00:00 AM,15.57,April
4/8/2014,5:00:00 AM,15.54,April
4/8/2014,6:00:00 AM,15.51,April
4/8/2014,7:00:00 AM,15.49,April
4/8/2014,8:00:00 AM,15.47,April
4/8/2014,9:00:00 AM,15.45,April
4/8/2014,10:00:00 AM,15.44,April
4/8/2014,11:00:00 AM,15.42,April
4/8/2014,12:00:00 PM,15.41,April
4/8/2014,1:00:00 PM,15.4,April
4/8/2014,2:00:00 PM,15.4,April
4/8/2014,3:00:00 PM,15.39,April
4/8/2014,4:00:00 PM,15.38,April
4/8/2014,5:00:00 PM,15.38,April
4/8/2014,6:00:00 PM,15.37,April
4/8/2014,7:00:00 PM,15.37,April
4/8/2014,8:00:00 PM,15.36,April
4/8/2014,9:00:00 PM,15.36,April
4/8/2014,10:00:00 PM,15.36,April
4/8/2014,11:00:00 PM,15.35,April
4/9/2014,12:00:00 AM,15.35,April
4/9/2014,1:00:00 AM,15.34,April
4/9/2014,2:00:00 AM,15.33,April
4/9/2014,3:00:00 AM,15.33,April
4/9/2014,4:00:00 AM,15.32,April
4/9/2014,5:00:00 AM,15.31,April
4/9/2014,6:00:00 AM,15.3,April
4/9/2014,7:00:00 AM,15.29,April
4/9/2014,8:00:00 AM,15.28,April
4/9/2014,9:00:00 AM,15.28,April
4/9/2014,10:00:00 AM,15.26,April
4/9/2014,11:00:00 AM,15.26,April
4/9/2014,12:00:00 PM,15.25,April
4/9/2014,1:00:00 PM,15.24,April
4/9/2014,2:00:00 PM,15.23,April
4/9/2014,3:00:00 PM,15.21,April
4/9/2014,4:00:00 PM,15.21,April
4/9/2014,5:00:00 PM,15.19,April
4/9/2014,6:00:00 PM,15.18,April
4/9/2014,7:00:00 PM,15.17,April
4/9/2014,8:00:00 PM,15.16,April
4/9/2014,9:00:00 PM,15.15,April
4/9/2014,10:00:00 PM,15.14,April
4/9/2014,11:00:00 PM,15.12,April
4/10/2014,12:00:00 AM,15.1,April
4/10/2014,1:00:00 AM,15.09,April
4/10/2014,2:00:00 AM,15.07,April
4/10/2014,3:00:00 AM,15.05,April
4/10/2014,4:00:00 AM,15.03,April
4/10/2014,5:00:00 AM,15.02,April
4/10/2014,6:00:00 AM,15,April
4/10/2014,7:00:00 AM,14.99,April
4/10/2014,8:00:00 AM,14.98,April
4/10/2014,9:00:00 AM,14.96,April
4/10/2014,10:00:00 AM,14.95,April
4/10/2014,11:00:00 AM,14.94,April
4/10/2014,12:00:00 PM,14.93,April
4/10/2014,1:00:00 PM,14.92,April
4/10/2014,2:00:00 PM,14.91,April
4/10/2014,3:00:00 PM,14.91,April
4/10/2014,4:00:00 PM,14.9,April
4/10/2014,5:00:00 PM,14.89,April
4/10/2014,6:00:00 PM,14.88,April
4/10/2014,7:00:00 PM,14.88,April
4/10/2014,8:00:00 PM,14.87,April
4/10/2014,9:00:00 PM,14.86,April
4/10/2014,10:00:00 PM,14.86,April
4/10/2014,11:00:00 PM,14.85,April
4/11/2014,12:00:00 AM,14.85,April
4/11/2014,1:00:00 AM,14.84,April
4/11/2014,2:00:00 AM,14.84,April
4/11/2014,3:00:00 AM,14.83,April
4/11/2014,4:00:00 AM,14.83,April
4/11/2014,5:00:00 AM,14.82,April
4/11/2014,6:00:00 AM,14.82,April
4/11/2014,7:00:00 AM,14.81,April
4/11/2014,8:00:00 AM,14.81,April
4/11/2014,9:00:00 AM,14.81,April
4/11/2014,10:00:00 AM,14.81,April
4/11/2014,11:00:00 AM,14.8,April
4/11/2014,12:00:00 PM,14.8,April
4/11/2014,1:00:00 PM,14.8,April
4/11/2014,2:00:00 PM,14.79,April
4/11/2014,3:00:00 PM,14.79,April
4/11/2014,4:00:00 PM,14.79,April
4/11/2014,5:00:00 PM,14.79,April
4/11/2014,6:00:00 PM,14.79,April
4/11/2014,7:00:00 PM,14.79,April
4/11/2014,8:00:00 PM,14.79,April
4/11/2014,9:00:00 PM,14.79,April
4/11/2014,10:00:00 PM,14.79,April
4/11/2014,11:00:00 PM,14.79,April
4/12/2014,12:00:00 AM,14.79,April
4/12/2014,1:00:00 AM,14.79,April
4/12/2014,2:00:00 AM,14.79,April
4/12/2014,3:00:00 AM,14.79,April
4/12/2014,4:00:00 AM,14.79,April
4/12/2014,5:00:00 AM,14.79,April
4/12/2014,6:00:00 AM,14.79,April
4/12/2014,7:00:00 AM,14.79,April
4/12/2014,8:00:00 AM,14.79,April
4/12/2014,9:00:00 AM,14.79,April
4/12/2014,10:00:00 AM,14.79,April
4/12/2014,11:00:00 AM,14.79,April
4/12/2014,12:00:00 PM,14.79,April
4/12/2014,1:00:00 PM,14.78,April
4/12/2014,2:00:00 PM,14.78,April
4/12/2014,3:00:00 PM,14.78,April
4/12/2014,4:00:00 PM,14.77,April
4/12/2014,5:00:00 PM,14.77,April
4/12/2014,6:00:00 PM,14.77,April
4/12/2014,7:00:00 PM,14.76,April
4/12/2014,8:00:00 PM,14.76,April
4/12/2014,9:00:00 PM,14.76,April
4/12/2014,10:00:00 PM,14.76,April
4/12/2014,11:00:00 PM,14.75,April
4/13/2014,12:00:00 AM,14.75,April
4/13/2014,1:00:00 AM,14.74,April
4/13/2014,2:00:00 AM,14.74,April
4/13/2014,3:00:00 AM,14.74,April
4/13/2014,4:00:00 AM,14.73,April
4/13/2014,5:00:00 AM,14.72,April
4/13/2014,6:00:00 AM,14.72,April
4/13/2014,7:00:00 AM,14.71,April
4/13/2014,8:00:00 AM,14.7,April
4/13/2014,9:00:00 AM,14.7,April
4/13/2014,10:00:00 AM,14.69,April
4/13/2014,11:00:00 AM,14.69,April
4/13/2014,12:00:00 PM,14.68,April
4/13/2014,1:00:00 PM,14.68,April
4/13/2014,2:00:00 PM,14.67,April
4/13/2014,3:00:00 PM,14.67,April
4/13/2014,4:00:00 PM,14.66,April
4/13/2014,5:00:00 PM,14.66,April
4/13/2014,6:00:00 PM,14.65,April
4/13/2014,7:00:00 PM,14.65,April
4/13/2014,8:00:00 PM,14.64,April
4/13/2014,9:00:00 PM,14.63,April
4/13/2014,10:00:00 PM,14.63,April
4/13/2014,11:00:00 PM,14.62,April
4/14/2014,12:00:00 AM,14.61,April
4/14/2014,1:00:00 AM,14.61,April
4/14/2014,2:00:00 AM,14.6,April
4/14/2014,3:00:00 AM,14.6,April
4/14/2014,4:00:00 AM,14.59,April
4/14/2014,5:00:00 AM,14.58,April
4/14/2014,6:00:00 AM,14.57,April
4/14/2014,7:00:00 AM,14.57,April
4/14/2014,8:00:00 AM,14.56,April
4/14/2014,9:00:00 AM,14.55,April
4/14/2014,10:00:00 AM,14.55,April
4/14/2014,11:00:00 AM,14.54,April
4/14/2014,12:00:00 PM,14.54,April
4/14/2014,1:00:00 PM,14.53,April
4/14/2014,2:00:00 PM,14.52,April
4/14/2014,3:00:00 PM,14.52,April
4/14/2014,4:00:00 PM,14.51,April
4/14/2014,5:00:00 PM,14.5,April
4/14/2014,6:00:00 PM,14.49,April
4/14/2014,7:00:00 PM,14.49,April
4/14/2014,8:00:00 PM,14.48,April
4/14/2014,9:00:00 PM,14.47,April
4/14/2014,10:00:00 PM,14.46,April
4/14/2014,11:00:00 PM,14.46,April
4/15/2014,12:00:00 AM,14.45,April
4/15/2014,1:00:00 AM,14.44,April
4/15/2014,2:00:00 AM,14.43,April
4/15/2014,3:00:00 AM,14.42,April
4/15/2014,4:00:00 AM,14.41,April
4/15/2014,5:00:00 AM,14.39,April
4/15/2014,6:00:00 AM,14.38,April
4/15/2014,7:00:00 AM,14.36,April
4/15/2014,8:00:00 AM,14.34,April
4/15/2014,9:00:00 AM,14.33,April
4/15/2014,10:00:00 AM,14.31,April
4/15/2014,11:00:00 AM,14.29,April
4/15/2014,12:00:00 PM,14.28,April
4/15/2014,1:00:00 PM,14.26,April
4/15/2014,2:00:00 PM,14.23,April
4/15/2014,3:00:00 PM,14.22,April
4/15/2014,4:00:00 PM,14.19,April
4/15/2014,5:00:00 PM,14.17,April
4/15/2014,6:00:00 PM,14.15,April
4/15/2014,7:00:00 PM,14.13,April
4/15/2014,8:00:00 PM,14.11,April
4/15/2014,9:00:00 PM,14.09,April
4/15/2014,10:00:00 PM,14.07,April
4/15/2014,11:00:00 PM,14.05,April
4/16/2014,12:00:00 AM,14.04,April
4/16/2014,1:00:00 AM,14.02,April
4/16/2014,2:00:00 AM,14.01,April
4/16/2014,3:00:00 AM,13.99,April
4/16/2014,4:00:00 AM,13.98,April
4/16/2014,5:00:00 AM,13.97,April
4/16/2014,6:00:00 AM,13.95,April
4/16/2014,7:00:00 AM,13.94,April
4/16/2014,8:00:00 AM,13.93,April
4/16/2014,9:00:00 AM,13.92,April
4/16/2014,10:00:00 AM,13.91,April
4/16/2014,11:00:00 AM,13.9,April
4/16/2014,12:00:00 PM,13.89,April
4/16/2014,1:00:00 PM,13.88,April
4/16/2014,2:00:00 PM,13.87,April
4/16/2014,3:00:00 PM,13.87,April
4/16/2014,4:00:00 PM,13.86,April
4/16/2014,5:00:00 PM,13.85,April
4/16/2014,6:00:00 PM,13.83,April
4/16/2014,7:00:00 PM,13.81,April
4/16/2014,8:00:00 PM,13.8,April
4/16/2014,9:00:00 PM,13.78,April
4/16/2014,10:00:00 PM,13.76,April
4/16/2014,11:00:00 PM,13.74,April
4/17/2014,12:00:00 AM,13.73,April
4/17/2014,1:00:00 AM,13.71,April
4/17/2014,2:00:00 AM,13.7,April
4/17/2014,3:00:00 AM,13.68,April
4/17/2014,4:00:00 AM,13.66,April
4/17/2014,5:00:00 AM,13.62,April
4/17/2014,6:00:00 AM,13.59,April
4/17/2014,7:00:00 AM,13.55,April
4/17/2014,8:00:00 AM,13.51,April
4/17/2014,9:00:00 AM,13.48,April
4/17/2014,10:00:00 AM,13.44,April
4/17/2014,11:00:00 AM,13.41,April
4/17/2014,12:00:00 PM,13.38,April
4/17/2014,1:00:00 PM,13.35,April
4/17/2014,2:00:00 PM,13.33,April
4/17/2014,3:00:00 PM,13.3,April
4/17/2014,4:00:00 PM,13.28,April
4/17/2014,5:00:00 PM,13.26,April
4/17/2014,6:00:00 PM,13.24,April
4/17/2014,7:00:00 PM,13.22,April
4/17/2014,8:00:00 PM,13.21,April
4/17/2014,9:00:00 PM,13.19,April
4/17/2014,10:00:00 PM,13.17,April
4/17/2014,11:00:00 PM,13.16,April
4/18/2014,12:00:00 AM,13.14,April
4/18/2014,1:00:00 AM,13.13,April
4/18/2014,2:00:00 AM,13.12,April
4/18/2014,3:00:00 AM,13.11,April
4/18/2014,4:00:00 AM,13.11,April
4/18/2014,5:00:00 AM,13.1,April
4/18/2014,6:00:00 AM,13.09,April
4/18/2014,7:00:00 AM,13.09,April
4/18/2014,8:00:00 AM,13.09,April
4/18/2014,9:00:00 AM,13.08,April
4/18/2014,10:00:00 AM,13.08,April
4/18/2014,11:00:00 AM,13.08,April
4/18/2014,12:00:00 PM,13.09,April
4/18/2014,1:00:00 PM,13.1,April
4/18/2014,2:00:00 PM,13.11,April
4/18/2014,3:00:00 PM,13.11,April
4/18/2014,4:00:00 PM,13.12,April
4/18/2014,5:00:00 PM,13.13,April
4/18/2014,6:00:00 PM,13.14,April
4/18/2014,7:00:00 PM,13.15,April
4/18/2014,8:00:00 PM,13.16,April
4/18/2014,9:00:00 PM,13.17,April
4/18/2014,10:00:00 PM,13.18,April
4/18/2014,11:00:00 PM,13.19,April
4/19/2014,12:00:00 AM,13.19,April
4/19/2014,1:00:00 AM,13.2,April
4/19/2014,2:00:00 AM,13.2,April
4/19/2014,3:00:00 AM,13.21,April
4/19/2014,4:00:00 AM,13.21,April
4/19/2014,5:00:00 AM,13.22,April
4/19/2014,6:00:00 AM,13.23,April
4/19/2014,7:00:00 AM,13.23,April
4/19/2014,8:00:00 AM,13.23,April
4/19/2014,9:00:00 AM,13.23,April
4/19/2014,10:00:00 AM,13.23,April
4/19/2014,11:00:00 AM,13.24,April
4/19/2014,12:00:00 PM,13.24,April
4/19/2014,1:00:00 PM,13.24,April
4/19/2014,2:00:00 PM,13.25,April
4/19/2014,3:00:00 PM,13.25,April
4/19/2014,4:00:00 PM,13.26,April
4/19/2014,5:00:00 PM,13.26,April
4/19/2014,6:00:00 PM,13.26,April
4/19/2014,7:00:00 PM,13.25,April
4/19/2014,8:00:00 PM,13.25,April
4/19/2014,9:00:00 PM,13.25,April
4/19/2014,10:00:00 PM,13.24,April
4/19/2014,11:00:00 PM,13.23,April
4/20/2014,12:00:00 AM,13.23,April
4/20/2014,1:00:00 AM,13.22,April
4/20/2014,2:00:00 AM,13.22,April
4/20/2014,3:00:00 AM,13.21,April
4/20/2014,4:00:00 AM,13.21,April
4/20/2014,5:00:00 AM,13.2,April
4/20/2014,6:00:00 AM,13.19,April
4/20/2014,7:00:00 AM,13.19,April
4/20/2014,8:00:00 AM,13.19,April
4/20/2014,9:00:00 AM,13.18,April
4/20/2014,10:00:00 AM,13.18,April
4/20/2014,11:00:00 AM,13.18,April
4/20/2014,12:00:00 PM,13.18,April
4/20/2014,1:00:00 PM,13.17,April
4/20/2014,2:00:00 PM,13.17,April
4/20/2014,3:00:00 PM,13.17,April
4/20/2014,4:00:00 PM,13.18,April
4/20/2014,5:00:00 PM,13.18,April
4/20/2014,6:00:00 PM,13.18,April
4/20/2014,7:00:00 PM,13.18,April
4/20/2014,8:00:00 PM,13.18,April
4/20/2014,9:00:00 PM,13.18,April
4/20/2014,10:00:00 PM,13.18,April
4/20/2014,11:00:00 PM,13.18,April
4/21/2014,12:00:00 AM,13.19,April
4/21/2014,1:00:00 AM,13.19,April
4/21/2014,2:00:00 AM,13.19,April
4/21/2014,3:00:00 AM,13.2,April
4/21/2014,4:00:00 AM,13.2,April
4/21/2014,5:00:00 AM,13.21,April
4/21/2014,6:00:00 AM,13.21,April
4/21/2014,7:00:00 AM,13.22,April
4/21/2014,8:00:00 AM,13.22,April
4/21/2014,9:00:00 AM,13.23,April
4/21/2014,10:00:00 AM,13.23,April
4/21/2014,11:00:00 AM,13.24,April
4/21/2014,12:00:00 PM,13.25,April
4/21/2014,1:00:00 PM,13.25,April
4/21/2014,2:00:00 PM,13.26,April
4/21/2014,3:00:00 PM,13.26,April
4/21/2014,4:00:00 PM,13.27,April
4/21/2014,5:00:00 PM,13.28,April
4/21/2014,6:00:00 PM,13.29,April
4/21/2014,7:00:00 PM,13.29,April
4/21/2014,8:00:00 PM,13.3,April
4/21/2014,9:00:00 PM,13.3,April
4/21/2014,10:00:00 PM,13.3,April
4/21/2014,11:00:00 PM,13.3,April
4/22/2014,12:00:00 AM,13.3,April
4/22/2014,1:00:00 AM,13.3,April
4/22/2014,2:00:00 AM,13.3,April
4/22/2014,3:00:00 AM,13.3,April
4/22/2014,4:00:00 AM,13.3,April
4/22/2014,5:00:00 AM,13.3,April
4/22/2014,6:00:00 AM,13.3,April
4/22/2014,7:00:00 AM,13.29,April
4/22/2014,8:00:00 AM,13.3,April
4/22/2014,9:00:00 AM,13.29,April
4/22/2014,10:00:00 AM,13.29,April
4/22/2014,11:00:00 AM,13.29,April
4/22/2014,12:00:00 PM,13.28,April
4/22/2014,1:00:00 PM,13.28,April
4/22/2014,2:00:00 PM,13.27,April
4/22/2014,3:00:00 PM,13.27,April
4/22/2014,4:00:00 PM,13.27,April
4/22/2014,5:00:00 PM,13.26,April
4/22/2014,6:00:00 PM,13.26,April
4/22/2014,7:00:00 PM,13.26,April
4/22/2014,8:00:00 PM,13.25,April
4/22/2014,9:00:00 PM,13.25,April
4/22/2014,10:00:00 PM,13.25,April
4/22/2014,11:00:00 PM,13.24,April
4/23/2014,12:00:00 AM,13.24,April
4/23/2014,1:00:00 AM,13.23,April
4/23/2014,2:00:00 AM,13.22,April
4/23/2014,3:00:00 AM,13.21,April
4/23/2014,4:00:00 AM,13.2,April
4/23/2014,5:00:00 AM,13.19,April
4/23/2014,6:00:00 AM,13.18,April
4/23/2014,7:00:00 AM,13.18,April
4/23/2014,8:00:00 AM,13.17,April
4/23/2014,9:00:00 AM,13.16,April
4/23/2014,10:00:00 AM,13.15,April
4/23/2014,11:00:00 AM,13.14,April
4/23/2014,12:00:00 PM,13.13,April
4/23/2014,1:00:00 PM,13.12,April
4/23/2014,2:00:00 PM,13.11,April
4/23/2014,3:00:00 PM,13.1,April
4/23/2014,4:00:00 PM,13.1,April
4/23/2014,5:00:00 PM,13.09,April
4/23/2014,6:00:00 PM,13.08,April
4/23/2014,7:00:00 PM,13.07,April
4/23/2014,8:00:00 PM,13.06,April
4/23/2014,9:00:00 PM,13.05,April
4/23/2014,10:00:00 PM,13.04,April
4/23/2014,11:00:00 PM,13.03,April
4/24/2014,12:00:00 AM,13.02,April
4/24/2014,1:00:00 AM,13.01,April
4/24/2014,2:00:00 AM,13,April
4/24/2014,3:00:00 AM,12.99,April
4/24/2014,4:00:00 AM,12.98,April
4/24/2014,5:00:00 AM,12.97,April
4/24/2014,6:00:00 AM,12.96,April
4/24/2014,7:00:00 AM,12.95,April
4/24/2014,8:00:00 AM,12.94,April
4/24/2014,9:00:00 AM,12.93,April
4/24/2014,10:00:00 AM,12.93,April
4/24/2014,11:00:00 AM,12.92,April
4/24/2014,12:00:00 PM,12.86,April
4/24/2014,1:00:00 PM,12.85,April
4/24/2014,2:00:00 PM,12.85,April
4/24/2014,3:00:00 PM,12.84,April
4/24/2014,4:00:00 PM,12.83,April
4/24/2014,5:00:00 PM,12.83,April
4/24/2014,6:00:00 PM,12.82,April
4/24/2014,7:00:00 PM,12.82,April
4/24/2014,8:00:00 PM,12.81,April
4/24/2014,9:00:00 PM,12.8,April
4/24/2014,10:00:00 PM,12.8,April
4/24/2014,11:00:00 PM,12.79,April
4/25/2014,12:00:00 AM,12.79,April
4/25/2014,1:00:00 AM,12.78,April
4/25/2014,2:00:00 AM,12.78,April
4/25/2014,3:00:00 AM,12.78,April
4/25/2014,4:00:00 AM,12.77,April
4/25/2014,5:00:00 AM,12.77,April
4/25/2014,6:00:00 AM,12.76,April
4/25/2014,7:00:00 AM,12.76,April
4/25/2014,8:00:00 AM,12.76,April
4/25/2014,9:00:00 AM,12.75,April
4/25/2014,10:00:00 AM,12.75,April
4/25/2014,11:00:00 AM,12.75,April
4/25/2014,12:00:00 PM,12.75,April
4/25/2014,1:00:00 PM,12.74,April
4/25/2014,2:00:00 PM,12.74,April
4/25/2014,3:00:00 PM,12.74,April
4/25/2014,4:00:00 PM,12.73,April
4/25/2014,5:00:00 PM,12.73,April
4/25/2014,6:00:00 PM,12.73,April
4/25/2014,7:00:00 PM,12.72,April
4/25/2014,8:00:00 PM,12.72,April
4/25/2014,9:00:00 PM,12.71,April
4/25/2014,10:00:00 PM,12.7,April
4/25/2014,11:00:00 PM,12.7,April
4/26/2014,12:00:00 AM,12.69,April
4/26/2014,1:00:00 AM,12.69,April
4/26/2014,2:00:00 AM,12.68,April
4/26/2014,3:00:00 AM,12.67,April
4/26/2014,4:00:00 AM,12.67,April
4/26/2014,5:00:00 AM,12.66,April
4/26/2014,6:00:00 AM,12.65,April
4/26/2014,7:00:00 AM,12.65,April
4/26/2014,8:00:00 AM,12.64,April
4/26/2014,9:00:00 AM,12.64,April
4/26/2014,10:00:00 AM,12.63,April
4/26/2014,11:00:00 AM,12.63,April
4/26/2014,12:00:00 PM,12.63,April
4/26/2014,1:00:00 PM,12.62,April
4/26/2014,2:00:00 PM,12.62,April
4/26/2014,3:00:00 PM,12.61,April
4/26/2014,4:00:00 PM,12.61,April
4/26/2014,5:00:00 PM,12.61,April
4/26/2014,6:00:00 PM,12.6,April
4/26/2014,7:00:00 PM,12.6,April
4/26/2014,8:00:00 PM,12.6,April
4/26/2014,9:00:00 PM,12.6,April
4/26/2014,10:00:00 PM,12.59,April
4/26/2014,11:00:00 PM,12.59,April
4/27/2014,12:00:00 AM,12.59,April
4/27/2014,1:00:00 AM,12.59,April
4/27/2014,2:00:00 AM,12.59,April
4/27/2014,3:00:00 AM,12.59,April
4/27/2014,4:00:00 AM,12.59,April
4/27/2014,5:00:00 AM,12.58,April
4/27/2014,6:00:00 AM,12.58,April
4/27/2014,7:00:00 AM,12.58,April
4/27/2014,8:00:00 AM,12.58,April
4/27/2014,9:00:00 AM,12.58,April
4/27/2014,10:00:00 AM,12.58,April
4/27/2014,11:00:00 AM,12.58,April
4/27/2014,12:00:00 PM,12.58,April
4/27/2014,1:00:00 PM,12.58,April
4/27/2014,2:00:00 PM,12.58,April
4/27/2014,3:00:00 PM,12.57,April
4/27/2014,4:00:00 PM,12.57,April
4/27/2014,5:00:00 PM,12.57,April
4/27/2014,6:00:00 PM,12.57,April
4/27/2014,7:00:00 PM,12.57,April
4/27/2014,8:00:00 PM,12.57,April
4/27/2014,9:00:00 PM,12.57,April
4/27/2014,10:00:00 PM,12.57,April
4/27/2014,11:00:00 PM,12.57,April
4/28/2014,12:00:00 AM,12.57,April
4/28/2014,1:00:00 AM,12.57,April
4/28/2014,2:00:00 AM,12.57,April
4/28/2014,3:00:00 AM,12.57,April
4/28/2014,4:00:00 AM,12.57,April
4/28/2014,5:00:00 AM,12.57,April
4/28/2014,6:00:00 AM,12.57,April
4/28/2014,7:00:00 AM,12.57,April
4/28/2014,8:00:00 AM,12.57,April
4/28/2014,9:00:00 AM,12.57,April
4/28/2014,10:00:00 AM,12.58,April
4/28/2014,11:00:00 AM,12.58,April
4/28/2014,12:00:00 PM,12.58,April
4/28/2014,1:00:00 PM,12.58,April
4/28/2014,2:00:00 PM,12.58,April
4/28/2014,3:00:00 PM,12.58,April
4/28/2014,4:00:00 PM,12.58,April
4/28/2014,5:00:00 PM,12.58,April
4/28/2014,6:00:00 PM,12.58,April
4/28/2014,7:00:00 PM,12.58,April
4/28/2014,8:00:00 PM,12.58,April
4/28/2014,9:00:00 PM,12.58,April
4/28/2014,10:00:00 PM,12.58,April
4/28/2014,11:00:00 PM,12.58,April
4/29/2014,12:00:00 AM,12.58,April
4/29/2014,1:00:00 AM,12.57,April
4/29/2014,2:00:00 AM,12.57,April
4/29/2014,3:00:00 AM,12.57,April
4/29/2014,4:00:00 AM,12.57,April
4/29/2014,5:00:00 AM,12.57,April
4/29/2014,6:00:00 AM,12.56,April
4/29/2014,7:00:00 AM,12.56,April
4/29/2014,8:00:00 AM,12.56,April
4/29/2014,9:00:00 AM,12.56,April
4/29/2014,10:00:00 AM,12.55,April
4/29/2014,11:00:00 AM,12.55,April
4/29/2014,12:00:00 PM,12.55,April
4/29/2014,1:00:00 PM,12.54,April
4/29/2014,2:00:00 PM,12.54,April
4/29/2014,3:00:00 PM,12.53,April
4/29/2014,4:00:00 PM,12.53,April
4/29/2014,5:00:00 PM,12.52,April
4/29/2014,6:00:00 PM,12.52,April
4/29/2014,7:00:00 PM,12.51,April
4/29/2014,8:00:00 PM,12.5,April
4/29/2014,9:00:00 PM,12.49,April
4/29/2014,10:00:00 PM,12.48,April
4/29/2014,11:00:00 PM,12.47,April
4/30/2014,12:00:00 AM,12.46,April
4/30/2014,1:00:00 AM,12.45,April
4/30/2014,2:00:00 AM,12.44,April
4/30/2014,3:00:00 AM,12.43,April
4/30/2014,4:00:00 AM,12.43,April
4/30/2014,5:00:00 AM,12.42,April
4/30/2014,6:00:00 AM,12.42,April
4/30/2014,7:00:00 AM,12.42,April
4/30/2014,8:00:00 AM,12.41,April
4/30/2014,9:00:00 AM,12.4,April
4/30/2014,10:00:00 AM,12.4,April
4/30/2014,11:00:00 AM,12.4,April
4/30/2014,12:00:00 PM,12.39,April
4/30/2014,1:00:00 PM,12.39,April
4/30/2014,2:00:00 PM,12.39,April
4/30/2014,3:00:00 PM,12.39,April
4/30/2014,4:00:00 PM,12.38,April
4/30/2014,5:00:00 PM,12.38,April
4/30/2014,6:00:00 PM,12.38,April
4/30/2014,7:00:00 PM,12.37,April
4/30/2014,8:00:00 PM,12.37,April
4/30/2014,9:00:00 PM,12.37,April
4/30/2014,10:00:00 PM,12.36,April
4/30/2014,11:00:00 PM,12.36,April
