Sample ID ,Site,Date,Year,Tissue,d34S ,d13C,d15N,Caged,WDN,R_FP,week ,Day,subsite,,,,
YB140007 M,Yolo Bypass,NA,1999,M,-1.38,NA,NA,uncaged,wet,Floodplain,4,NA,Floodplain,,,,
YB140008 M,Yolo Bypass,NA,1999,M,-2.46,NA,NA,uncaged,wet,Floodplain,4,NA,Floodplain,,,,
YB140009 M,Yolo Bypass,NA,1999,M,-1.71,NA,NA,uncaged,wet,Floodplain,4,NA,Floodplain,,,,
YB140010 M,Yolo Bypass,NA,1999,M,-1.04,NA,NA,uncaged,wet,Floodplain,4,NA,Floodplain,,,,
YB140011 F COMBINE,Yolo Bypass,NA,1999,F,-0.95,NA,NA,uncaged,wet,Floodplain,4,NA,Floodplain,,,,
YB140011 M,Yolo Bypass,NA,1999,M,-1.31,NA,NA,uncaged,wet,Floodplain,4,NA,Floodplain,,,,
YB140012 M,Yolo Bypass,NA,1999,M,-1.78,NA,NA,uncaged,wet,Floodplain,4,NA,Floodplain,,,,
YB140016 M,Yolo Bypass,NA,1999,M,-2.22,NA,NA,uncaged,wet,Floodplain,4,NA,Floodplain,,,,
YB140017 M,Yolo Bypass,NA,1999,M,-3.85,NA,NA,uncaged,wet,Floodplain,4,NA,Floodplain,,,,
YB140017 S COMBINED,Yolo Bypass,NA,1999,S,-0.7,NA,NA,uncaged,wet,Floodplain,4,NA,Floodplain,,,,
YB140018 M,Yolo Bypass,NA,1999,M,-1.62,NA,NA,uncaged,wet,Floodplain,4,NA,Floodplain,,,,
YB140019 M,Yolo Bypass,NA,1999,M,-1.89,NA,NA,uncaged,wet,Floodplain,4,NA,Floodplain,,,,
YB140021 M,Yolo Bypass,NA,1999,M,-2.3,NA,NA,uncaged,wet,Floodplain,4,NA,Floodplain,,,,
YB140022 M,Yolo Bypass,NA,1999,M,-2.3,NA,NA,uncaged,wet,Floodplain,4,NA,Floodplain,,,,
YB140023 M,Yolo Bypass,NA,1999,M,-2.14,NA,NA,uncaged,wet,Floodplain,4,NA,Floodplain,,,,
YB140024 M,Yolo Bypass,NA,1999,M,-2.29,NA,NA,uncaged,wet,Floodplain,4,NA,Floodplain,,,,
YB140033 M,Yolo Bypass,NA,1999,M,-0.7,NA,NA,uncaged,wet,Floodplain,4,NA,Floodplain,,,,
YB140034 M,Yolo Bypass,NA,1999,M,-1.47,NA,NA,uncaged,wet,Floodplain,4,NA,Floodplain,,,,
YB140036 M,Yolo Bypass,NA,1999,M,-1.57,NA,NA,uncaged,wet,Floodplain,4,NA,Floodplain,,,,
YB140041 M,Yolo Bypass,NA,1999,M,-1.4,NA,NA,uncaged,wet,Floodplain,4,NA,Floodplain,,,,
YB140043 M,Yolo Bypass,NA,1999,M,-1.2,NA,NA,uncaged,wet,Floodplain,4,NA,Floodplain,,,,
YB140045 M,Yolo Bypass,NA,1999,M,-0.21,NA,NA,uncaged,wet,Floodplain,4,NA,Floodplain,,,,
YB140048 M,Yolo Bypass,NA,1999,M,-0.04,NA,NA,uncaged,wet,Floodplain,4,NA,Floodplain,,,,
YB140049 M,Yolo Bypass,NA,1999,M,-3.67,NA,NA,uncaged,wet,Floodplain,4,NA,Floodplain,,,,
YB140050 M,Yolo Bypass,NA,1999,M,-3.11,NA,NA,uncaged,wet,Floodplain,4,NA,Floodplain,,,,
YB140051 M,Yolo Bypass,NA,1999,M,14.01,NA,NA,uncaged,wet,Floodplain,4,NA,Floodplain,,,,
YB140052 M,Yolo Bypass,NA,1999,M,-1.58,NA,NA,uncaged,wet,Floodplain,4,NA,Floodplain,,,,
YB140059 M,Yolo Bypass,NA,1999,M,-2.01,NA,NA,uncaged,wet,Floodplain,4,NA,Floodplain,,,,
YB140060 M,Yolo Bypass,NA,1999,M,-2.57,NA,NA,uncaged,wet,Floodplain,4,NA,Floodplain,,,,
YB140061 M,Yolo Bypass,NA,1999,M,-0.89,NA,NA,uncaged,wet,Floodplain,4,NA,Floodplain,,,,
YB140062 M,Yolo Bypass,NA,1999,M,-2.98,NA,NA,uncaged,wet,Floodplain,4,NA,Floodplain,,,,
YB140063 M,Yolo Bypass,NA,1999,M,-2.59,NA,NA,uncaged,wet,Floodplain,4,NA,Floodplain,,,,
YB140064 M,Yolo Bypass,NA,1999,M,-0.91,NA,NA,uncaged,wet,Floodplain,4,NA,Floodplain,,,,
YB140065 M,Yolo Bypass,NA,1999,M,0.93,NA,NA,uncaged,wet,Floodplain,4,NA,Floodplain,,,,
YB140003 S COMBINED,Sacramento,NA,2012,S,3.52,NA,NA,uncaged,normal,River,0,NA,River,,,,
YB140005 M,Sacramento,NA,2012,M,12.19,NA,NA,uncaged,normal,River,0,NA,River,,,,
YB140005 S,Sacramento,NA,2012,S,7.48,NA,NA,uncaged,normal,River,0,NA,River,,,,
YB140014 M,Sacramento,NA,2012,M,-1.89,NA,NA,uncaged,normal,River,0,NA,River,,,,
YB140014 S,Sacramento,NA,2012,S,3.87,NA,NA,uncaged,normal,River,0,NA,River,,,,
YB140015 M,Sacramento,NA,2012,M,10.02,NA,NA,uncaged,normal,River,0,NA,River,,,,
YB140015-S,Sacramento,NA,2012,S,3.21,NA,NA,uncaged,normal,River,0,NA,River,,,,
YB140020 M,Sacramento,NA,2012,M,11.02,NA,NA,uncaged,normal,River,0,NA,River,,,,
YB140020 S,Sacramento,NA,2012,S,6.23,NA,NA,uncaged,normal,River,0,NA,River,,,,
YB140037 M,Sacramento,NA,2012,M,1.03,NA,NA,uncaged,normal,River,0,NA,River,,,,
YB140037 S,Sacramento,NA,2012,S,0.55,NA,NA,uncaged,normal,River,0,NA,River,,,,
YB140038 S COMBINED,Sacramento,NA,2012,S,1.98,NA,NA,uncaged,normal,River,0,NA,River,,,,
YB140056 M,Sacramento,NA,2012,M,4.06,NA,NA,uncaged,normal,River,0,NA,River,,,,
YB140056 S,Sacramento,NA,2012,S,4.1,NA,NA,uncaged,normal,River,0,NA,River,,,,
YB140057 M,Sacramento,NA,2012,M,3,NA,NA,uncaged,normal,River,0,NA,River,,,,
YB140057 S,Sacramento,NA,2012,S,1.53,NA,NA,uncaged,normal,River,0,NA,River,,,,
YB140069 S COMBINED,Sacramento,NA,2012,S,2.87,NA,NA,uncaged,normal,River,0,NA,River,,,,
YB140075 M,Sacramento,NA,2012,M,2.02,NA,NA,uncaged,normal,River,0,NA,River,,,,
YB140075 S,Sacramento,NA,2012,S,0.86,NA,NA,uncaged,normal,River,0,NA,River,,,,
YB140001 M,San Joaquin,NA,2013,M,-2.37,NA,NA,uncaged,dry,River,0,NA,River,,,,
YB140001 S,San Joaquin,NA,2013,S,-2.31,NA,NA,uncaged,dry,River,0,NA,River,,,,
YB140042 M,Sacramento,NA,2013,M,-0.25,NA,NA,uncaged,dry,River,0,NA,River,,,,
YB140042 S,Sacramento,NA,2013,S,-0.35,NA,NA,uncaged,dry,River,0,NA,River,,,,
YB140046 M,Sacramento,NA,2013,M,0.35,NA,NA,uncaged,dry,River,0,NA,River,,,,
YB140046 S,Sacramento,NA,2013,S,0.09,NA,NA,uncaged,dry,River,0,NA,River,,,,
YB140070 S COMBINED,Sacramento,NA,2013,S,1.52,NA,NA,uncaged,dry,River,0,NA,River,,,,
YB140083 M,Sacramento,NA,2013,M,3.44,NA,NA,uncaged,dry,River,0,NA,River,,,,
YB140083 S,Sacramento,NA,2013,S,0.36,NA,NA,uncaged,dry,River,0,NA,River,,,,
YB140089 M,Sacramento,NA,2013,M,2.93,NA,NA,uncaged,dry,River,0,NA,River,,,,
YB140089 S,Sacramento,NA,2013,S,1.35,NA,NA,uncaged,dry,River,0,NA,River,,,,
YB140095 M,Sacramento,NA,2013,M,4.44,NA,NA,uncaged,dry,River,0,NA,River,,,,
YB140095 S,Sacramento,NA,2013,S,2.88,NA,NA,uncaged,dry,River,0,NA,River,,,,
YB140031 M,Sacramento,NA,2014,M,12.96,NA,NA,uncaged,dry,River,0,NA,River,,,,
YB140031 S,Sacramento,NA,2014,S,9.37,NA,NA,uncaged,dry,River,0,NA,River,,,,
YB140032 M,Sacramento,NA,2014,M,-0.29,NA,NA,uncaged,dry,River,0,NA,River,,,,
YB140032 S,Sacramento,NA,2014,S,-2.06,NA,NA,uncaged,dry,River,0,NA,River,,,,
YB140067 M,Sacramento,NA,2014,M,3.09,NA,NA,uncaged,dry,River,0,NA,River,,,,
YB140067 S,Sacramento,NA,2014,S,2.17,NA,NA,uncaged,dry,River,0,NA,River,,,,
DM14007,Sacramento,2/12/2014,2014,M,2.3,-22,14.22,uncaged,dry,River,0,NA,River,,,,
DM14008,Sacramento,3/6/2014,2014,M,5.8,-25.56,13.21,uncaged,dry,River,0,NA,River,,,,
DM14016,Sacramento,4/11/2014,2014,M,2,-22.85,12.43,uncaged,dry,River,0,NA,River,,,,
DM14017,Sacramento,4/11/2014,2014,M,3.8,-30.76,10.35,uncaged,dry,River,0,NA,River,,,,
DM14018,Sacramento,4/11/2014,2014,M,12.8,-19.61,12.53,uncaged,dry,River,0,NA,River,,,,
DM14019,Sacramento,4/11/2014,2014,M,4.5,-23.04,10.31,uncaged,dry,River,0,NA,River,,,,
DM14020,Sacramento,4/11/2014,2014,M,12.1,-20.17,12.36,uncaged,dry,River,0,NA,River,,,,
DM14021,Sacramento,4/11/2014,2014,M,4.1,-31.22,9.92,uncaged,dry,River,0,NA,River,,,,
DM14022,Sacramento,4/11/2014,2014,M,12.1,-23.27,13.01,uncaged,dry,River,0,NA,River,,,,
DM14024,Sacramento,4/11/2014,2014,M,3.8,-23.16,9.99,uncaged,dry,River,0,NA,River,,,,
DM14025,Sacramento,4/11/2014,2014,M,2.5,-21.16,13.94,uncaged,dry,River,0,NA,River,,,,
DM14026,Sacramento,4/11/2014,2014,M,2.2,-22.94,12.79,uncaged,dry,River,0,NA,River,,,,
DM14027,Sacramento,4/11/2014,2014,M,12.8,-19.83,12.46,uncaged,dry,River,0,NA,River,,,,
DM14042,Sacramento,3/31/2014,2014,M,3.9,-25.16,10.65,uncaged,dry,River,0,NA,River,,,,
DM14051,Sacramento,5/2/2014,2014,M,10.8,-21.1,11.38,uncaged,dry,River,0,NA,River,,,,
DM14052,Sacramento,5/2/2014,2014,M,3.7,-24.65,11.34,uncaged,dry,River,0,NA,River,,,,
DM14053,Sacramento,5/7/2014,2014,M,7.8,-22.28,13.2,uncaged,dry,River,0,NA,River,,,,
DM14054,Sacramento,5/7/2014,2014,M,4.1,-24.98,12.06,uncaged,dry,River,0,NA,River,,,,
DM14059,Sacramento,4/22/2014,2014,M,5.4,-23.96,12.83,uncaged,dry,River,0,NA,River,,,,
DM14063,Sacramento,4/22/2014,2014,M,2.4,-25.13,10.02,uncaged,dry,River,0,NA,River,,,,
DM14064,Sacramento,4/22/2014,2014,M,7,-24.22,12.11,uncaged,dry,River,0,NA,River,,,,
DM14056,Sacramento,3/28/2014,2014,M,2.1,-25.68,9.57,uncaged,dry,River,0,NA,River,,,,
DM14058,Sacramento,3/28/2014,2014,M,7.5,-22.78,13.04,uncaged,dry,River,0,NA,River,,,,
DM14138,Sacramento,3/18/2014,2014,M,10.3,-21.27,14.12,uncaged,dry,River,0,NA,River,,,,
DM14139,Sacramento,3/18/2014,2014,M,10.3,-22.18,13.87,uncaged,dry,River,0,NA,River,,,,
DM14140,Sacramento,3/18/2014,2014,M,7.1,-22.8,12.58,uncaged,dry,River,0,NA,River,,,,
DM14143,Sacramento,4/8/2014,2014,M,10,-21.57,13.74,uncaged,dry,River,0,NA,River,,,,
DM14011,Sacramento,3/6/2014,2014,M,6.9,-24.99,10.15,uncaged,dry,River,0,NA,River,,,,
DM14023,Sacramento,4/11/2014,2014,M,13.2,-19.67,12.01,uncaged,dry,River,0,NA,River,,,,
DM14028,Sacramento,4/11/2014,2014,M,12.2,-20.11,12.31,uncaged,dry,River,0,NA,River,,,,
DM14014,Sacramento,3/12/2014,2014,M,3.4,-25.58,9.17,uncaged,dry,River,0,NA,River,,,,
DM14031,Sacramento,3/13/2014,2014,M,14,-18.61,16.38,uncaged,dry,River,0,NA,River,,,,
DM14043,Sacramento,3/31/2014,2014,M,4.7,-24.11,11,uncaged,dry,River,0,NA,River,,,,
DM14044,Sacramento,3/31/2014,2014,M,2.9,-23.16,10.72,uncaged,dry,River,0,NA,River,,,,
DM14045,Sacramento,3/31/2014,2014,M,3.5,-25.33,10.52,uncaged,dry,River,0,NA,River,,,,
NA,Yolo Bypass,2/5/2015,2014,M,13.6,-19.5,11.9,uncaged,normal,River,0,0,hatchery,,,,
NA,Yolo Bypass,2/5/2015,2014,M,12.7,-22.42,9.32,uncaged,normal,River,0,0,hatchery,,,,
NA,Yolo Bypass,2/5/2015,2014,M,13.79,-22.49,10.2,uncaged,normal,River,0,0,hatchery,,,,
NP14001,Yolo Bypass,2/14/2014,2014,M,4.3,-25.16,12.16,uncaged,dry,Floodplain,2,10,replicated fields,,,,
NP14002,Yolo Bypass,2/14/2014,2014,M,3.6,-27.27,11.61,uncaged,dry,Floodplain,2,10,replicated fields,,,,
NP14003,Yolo Bypass,2/14/2014,2014,M,4.1,-25.49,12.06,uncaged,dry,Floodplain,2,10,replicated fields,,,,
NP14004,Yolo Bypass,2/14/2014,2014,M,4.9,-25.28,11.93,uncaged,dry,Floodplain,2,10,replicated fields,,,,
NP14005,Yolo Bypass,2/14/2014,2014,M,3.4,-25.54,12.17,uncaged,dry,Floodplain,2,10,replicated fields,,,,
NP14006,Yolo Bypass,2/14/2014,2014,M,5.6,-26.09,11.88,uncaged,dry,Floodplain,2,10,replicated fields,,,,
NP14007,Yolo Bypass,2/21/2014,2014,M,1.2,-27.99,11.82,uncaged,dry,Floodplain,3,17,replicated fields,,,,
NP14008,Yolo Bypass,2/21/2014,2014,M,0.1,-27.72,11.38,uncaged,dry,Floodplain,3,17,replicated fields,,,,
NP14009,Yolo Bypass,2/21/2014,2014,M,0.3,-29.45,11.35,uncaged,dry,Floodplain,3,17,replicated fields,,,,-1.034482759
NP14010,Yolo Bypass,2/21/2014,2014,M,-0.3,-29.46,10.97,uncaged,dry,Floodplain,3,17,replicated fields,,,,
NP14011,Yolo Bypass,2/21/2014,2014,M,-0.3,-29.51,11.23,uncaged,dry,Floodplain,3,17,replicated fields,,,,
NP14012,Yolo Bypass,2/21/2014,2014,M,0.8,-28.75,11.48,uncaged,dry,Floodplain,3,17,replicated fields,,,,
NP14013,Yolo Bypass,2/28/2014,2014,M,-2.9,-30.71,11.2,uncaged,dry,Floodplain,4,24,replicated fields,,,,
NP14014,Yolo Bypass,2/28/2014,2014,M,-3.1,-30.87,11.42,uncaged,dry,Floodplain,4,24,replicated fields,,,,
NP14015,Yolo Bypass,2/28/2014,2014,M,-1.2,-29.96,11.5,uncaged,dry,Floodplain,4,24,replicated fields,,,,
NP14016,Yolo Bypass,2/28/2014,2014,M,-1.8,-31.04,11.7,uncaged,dry,Floodplain,4,24,replicated fields,,,,
NP14017,Yolo Bypass,2/28/2014,2014,M,-3.2,-29.69,10.67,uncaged,dry,Floodplain,4,24,replicated fields,,,,
NP14018,Yolo Bypass,2/28/2014,2014,M,-1.4,-28.73,11.44,uncaged,dry,Floodplain,4,24,replicated fields,,,,
NP14019,Yolo Bypass,3/7/2014,2014,M,-3.5,-29.44,10.72,uncaged,dry,Floodplain,5,31,replicated fields,,,,
NP14020,Yolo Bypass,3/7/2014,2014,M,-1.9,-30.9,11.79,uncaged,dry,Floodplain,5,31,replicated fields,,,,
NP14021,Yolo Bypass,3/7/2014,2014,M,-4.8,-31.11,10.98,uncaged,dry,Floodplain,5,31,replicated fields,,,,
NP14022,Yolo Bypass,3/7/2014,2014,M,-3.7,-28.81,11.13,uncaged,dry,Floodplain,5,31,replicated fields,,,,
NP14023,Yolo Bypass,3/7/2014,2014,M,-3.8,-31.68,11.22,uncaged,dry,Floodplain,5,31,replicated fields,,,,
NP14024,Yolo Bypass,3/7/2014,2014,M,-3.4,-30.43,11.63,uncaged,dry,Floodplain,5,31,replicated fields,,,,
NP14025,Yolo Bypass,3/13/2014,2014,M,-5.1,-31.59,10.99,uncaged,dry,Floodplain,6,37,replicated fields,,,,
NP14027,Yolo Bypass,3/13/2014,2014,M,-3.9,-31.03,11.35,uncaged,dry,Floodplain,6,37,replicated fields,,,,
NP14028,Yolo Bypass,3/13/2014,2014,M,-4.1,-31.07,11.52,uncaged,dry,Floodplain,6,37,replicated fields,,,,
NP14029,Yolo Bypass,3/13/2014,2014,M,-4.4,-29.71,10.64,uncaged,dry,Floodplain,6,37,replicated fields,,,,
NP14030,Yolo Bypass,3/13/2014,2014,M,-5.5,-30.32,10.56,uncaged,dry,Floodplain,6,37,replicated fields,,,,
DM14007,Sacramento,2/12/2014,2014,S,1.04,-32.57,9.11,uncaged,dry,River,0,NA,River,,,,
DM14008,Sacramento,3/6/2014,2014,S,2.07,-29.7,5.64,uncaged,dry,River,0,NA,River,,,,
DM14016,Sacramento,4/11/2014,2014,S,0.73,-28.87,8.16,uncaged,dry,River,0,NA,River,,,,
DM14017,Sacramento,4/11/2014,2014,S,1.31,-29.54,7.66,uncaged,dry,River,0,NA,River,,,,
DM14018,Sacramento,4/11/2014,2014,S,2.01,-29,8.71,uncaged,dry,River,0,NA,River,,,,
DM14019,Sacramento,4/11/2014,2014,S,1,-28.7,7.74,uncaged,dry,River,0,NA,River,,,,
DM14020,Sacramento,4/11/2014,2014,S,1.59,-28.24,7.86,uncaged,dry,River,0,NA,River,,,,
DM14021,Sacramento,4/11/2014,2014,S,0.41,-26.62,6.75,uncaged,dry,River,0,NA,River,,,,
DM14022,Sacramento,4/11/2014,2014,S,0.16,-29.4,7.79,uncaged,dry,River,0,NA,River,,,,
DM14024,Sacramento,4/11/2014,2014,S,2.27,-27.42,7.71,uncaged,dry,River,0,NA,River,,,,
DM14025,Sacramento,4/11/2014,2014,S,0.06,-29.08,6.55,uncaged,dry,River,0,NA,River,,,,
DM14026,Sacramento,4/11/2014,2014,S,-0.13,-29.66,7.86,uncaged,dry,River,0,NA,River,,,,
DM14027,Sacramento,4/11/2014,2014,S,7.76,-24.76,9.8,uncaged,dry,River,0,NA,River,,,,
DM14042,Sacramento,3/31/2014,2014,S,5.56,-26.38,6.67,uncaged,dry,River,0,NA,River,,,,
DM14051,Sacramento,5/2/2014,2014,S,4.6,-26.3,8.12,uncaged,dry,River,0,NA,River,,,,
DM14052,Sacramento,5/2/2014,2014,S,4.27,-26.51,5.44,uncaged,dry,River,0,NA,River,,,,
DM14053,Sacramento,5/7/2014,2014,S,3.68,-27.93,8.58,uncaged,dry,River,0,NA,River,,,,
DM14054,Sacramento,5/7/2014,2014,S,3.99,-27.56,8.04,uncaged,dry,River,0,NA,River,,,,
DM14059,Sacramento,4/22/2014,2014,S,2.21,-28.05,6.8,uncaged,dry,River,0,NA,River,,,,
DM14063,Sacramento,4/22/2014,2014,S,2.8,-27.53,7.31,uncaged,dry,River,0,NA,River,,,,
DM14064,Sacramento,4/22/2014,2014,S,3.12,-27.69,7.7,uncaged,dry,River,0,NA,River,,,,
DM14056,Sacramento,3/28/2014,2014,S,0.13,-28.37,6.15,uncaged,dry,River,0,NA,River,,,,
DM14058,Sacramento,3/28/2014,2014,S,2.37,-27.73,6.14,uncaged,dry,River,0,NA,River,,,,
DM14138,Sacramento,3/18/2014,2014,S,7.21,-28.27,9.54,uncaged,dry,River,0,NA,River,,,,
DM14139,Sacramento,3/18/2014,2014,S,3.18,-29.86,3.32,uncaged,dry,River,0,NA,River,,,,
DM14140,Sacramento,3/18/2014,2014,S,NA,NA,NA,uncaged,dry,River,0,NA,River,,,,
DM14143,Sacramento,4/8/2014,2014,S,5.19,-27.66,8.14,uncaged,dry,River,0,NA,River,,,,
DM14011,Sacramento,3/6/2014,2014,S,6.36,-28.5,6.19,uncaged,dry,River,0,NA,River,,,,
DM14023,Sacramento,4/11/2014,2014,S,4.84,-28.5,7.16,uncaged,dry,River,0,NA,River,,,,
DM14028,Sacramento,4/11/2014,2014,S,1.59,-29.12,7.53,uncaged,dry,River,0,NA,River,,,,
DM14014,Sacramento,3/12/2014,2014,S,0.51,-30.78,3.76,uncaged,dry,River,0,NA,River,,,,
DM14031,Sacramento,3/13/2014,2014,S,NA,NA,NA,uncaged,dry,River,0,NA,River,,,,
DM14043,Sacramento,3/31/2014,2014,S,-0.48,-29.41,4.17,uncaged,dry,River,0,NA,River,,,,
DM14044,Sacramento,3/31/2014,2014,S,-1.94,-29.69,5.74,uncaged,dry,River,0,NA,River,,,,
DM14045,Sacramento,3/31/2014,2014,S,4.26,-26.29,6.87,uncaged,dry,River,0,NA,River,,,,
NP14001,Yolo Bypass,2/14/2014,2014,S,-4.12,-32.75,6.19,uncaged,dry,Floodplain,,10,replicated fields,,,,
NP14002,Yolo Bypass,2/14/2014,2014,S,-1.27,-31.79,6.44,uncaged,dry,Floodplain,,10,replicated fields,,,,
NP14003,Yolo Bypass,2/14/2014,2014,S,-3.5,-32.49,5.59,uncaged,dry,Floodplain,,10,replicated fields,,,,
NP14004,Yolo Bypass,2/14/2014,2014,S,-2.72,-31.89,5.87,uncaged,dry,Floodplain,,10,replicated fields,,,,
NP14005,Yolo Bypass,2/14/2014,2014,S,-2.68,-32.05,4.63,uncaged,dry,Floodplain,,10,replicated fields,,,,
NP14006,Yolo Bypass,2/14/2014,2014,S,-1.38,-30.76,6.78,uncaged,dry,Floodplain,,10,replicated fields,,,,
NP14007,Yolo Bypass,2/21/2014,2014,S,-0.8,-31.62,7.11,uncaged,dry,Floodplain,,17,replicated fields,,,,
NP14008,Yolo Bypass,2/21/2014,2014,S,0,-31.59,7.58,uncaged,dry,Floodplain,,17,replicated fields,,,,
NP14009,Yolo Bypass,2/21/2014,2014,S,-1.12,-34.32,7.14,uncaged,dry,Floodplain,,17,replicated fields,,,,
NP14010,Yolo Bypass,2/21/2014,2014,S,-1.84,-32.18,8.82,uncaged,dry,Floodplain,,17,replicated fields,,,,
NP14011,Yolo Bypass,2/21/2014,2014,S,-1.33,-32.81,8.67,uncaged,dry,Floodplain,,17,replicated fields,,,,
NP14012,Yolo Bypass,2/21/2014,2014,S,-0.7,-31.12,8.27,uncaged,dry,Floodplain,,17,replicated fields,,,,
NP14014,Yolo Bypass,2/28/2014,2014,S,-0.98,-38.32,7.14,uncaged,dry,Floodplain,,24,replicated fields,,,,
NP14015,Yolo Bypass,2/28/2014,2014,S,-1.73,-35.05,7.21,uncaged,dry,Floodplain,,24,replicated fields,,,,
NP14016,Yolo Bypass,2/28/2014,2014,S,-4.69,-37.23,8.02,uncaged,dry,Floodplain,,24,replicated fields,,,,
NP14017,Yolo Bypass,2/28/2014,2014,S,-4.57,-33.64,5.27,uncaged,dry,Floodplain,,24,replicated fields,,,,
NP14018,Yolo Bypass,2/28/2014,2014,S,-1.99,-32.63,5.34,uncaged,dry,Floodplain,,24,replicated fields,,,,
NP14019,Yolo Bypass,3/7/2014,2014,S,-4.69,-34.32,5.26,uncaged,dry,Floodplain,,31,replicated fields,,,,
NP14020,Yolo Bypass,3/7/2014,2014,S,-2.3,-35.61,7.02,uncaged,dry,Floodplain,,31,replicated fields,,,,
NP14021,Yolo Bypass,3/7/2014,2014,S,-4.68,-34.61,6.46,uncaged,dry,Floodplain,,31,replicated fields,,,,
NP14022,Yolo Bypass,3/7/2014,2014,S,-5.91,-34.17,5.39,uncaged,dry,Floodplain,,31,replicated fields,,,,
NP14023,Yolo Bypass,3/7/2014,2014,S,-5.91,-35.24,6.84,uncaged,dry,Floodplain,,31,replicated fields,,,,
NP14024,Yolo Bypass,3/7/2014,2014,S,-5.05,-35.96,7.18,uncaged,dry,Floodplain,,31,replicated fields,,,,
NP14025,Yolo Bypass,3/13/2014,2014,S,-4.14,-35.4,6.08,uncaged,dry,Floodplain,,37,replicated fields,,,,
NP14027,Yolo Bypass,3/13/2014,2014,S,-4.75,-34.2,6.66,uncaged,dry,Floodplain,,37,replicated fields,,,,
NP14028,Yolo Bypass,3/13/2014,2014,S,-3.83,-34.63,7.29,uncaged,dry,Floodplain,,37,replicated fields,,,,
NP14029,Yolo Bypass,3/13/2014,2014,S,-5.76,-32.78,6.74,uncaged,dry,Floodplain,,37,replicated fields,,,,
NP14030,Yolo Bypass,3/13/2014,2014,S,-5.86,-33,6.31,uncaged,dry,Floodplain,,37,replicated fields,,,,
DM15001,Sacramento,5/13/2015,2015,M,-1.6,-21.19,9.29,uncaged,dry,River,0,NA,River,,,,
DM15002,Sacramento,5/13/2015,2015,M,-1.2,-24.7,9.52,uncaged,dry,River,0,NA,River,,,,
DM15006,Sacramento,5/16/2015,2015,M,4,-26.21,10.49,uncaged,dry,River,0,NA,River,,,,
DM15009,Sacramento,4/10/2015,2015,M,2.2,-25.95,11.6,uncaged,dry,River,0,NA,River,,,,
DM15010,Sacramento,4/10/2015,2015,M,-1.1,-19.69,10.38,uncaged,dry,River,0,NA,River,,,,
DM15012,Sacramento,4/27/2015,2015,M,-0.8,-23.21,10.97,uncaged,dry,River,0,NA,River,,,,
DM15017,Sacramento,4/24/2015,2015,M,-1,-19.53,10.12,uncaged,dry,River,0,NA,River,,,,
DM15019,Sacramento,4/20/2015,2015,M,-1.1,-19.4,10.28,uncaged,dry,River,0,NA,River,,,,
DM15020,Sacramento,5/11/2015,2015,M,-2.1,-17.58,10.02,uncaged,dry,River,0,NA,River,,,,
DM15022,Sacramento,4/13/2015,2015,M,-0.9,-20.33,10.63,uncaged,dry,River,0,NA,River,,,,
DM15023,Sacramento,4/13/2015,2015,M,-1.2,-19.83,9.61,uncaged,dry,River,0,NA,River,,,,
DM15028,Sacramento,4/3/2015,2015,M,-0.8,-21.15,10.21,uncaged,dry,River,0,NA,River,,,,
DM15029,Sacramento,4/3/2015,2015,M,12.2,-20.18,11.94,uncaged,dry,River,0,NA,River,,,,
DM15030,Sacramento,2/9/2015,2015,M,15.2,-18.33,16.82,uncaged,dry,River,0,NA,River,,,,
DM15032,Sacramento,2/20/2015,2015,M,8.8,-20.95,13.34,uncaged,dry,River,0,NA,River,,,,
DM15040,Sacramento,1/20/2015,2015,M,8.4,-22.49,12.29,uncaged,dry,River,0,NA,River,,,,
DM15044,Sacramento,2/10/2015,2015,M,7.4,-24.37,11.99,uncaged,dry,River,0,NA,River,,,,
DM15045,Sacramento,2/10/2015,2015,M,4.7,-25.26,11.9,uncaged,dry,River,0,NA,River,,,,
DM15049,Sacramento,3/5/2015,2015,M,6.6,-26.12,11.37,uncaged,dry,River,0,NA,River,,,,
DM15050,Sacramento,2/24/2015,2015,M,10,-21.91,13.82,uncaged,dry,River,0,NA,River,,,,
DM15052,Sacramento,2/17/2015,2015,M,10.9,-20.83,14.24,uncaged,dry,River,0,NA,River,,,,
DM15053,Sacramento,2/17/2015,2015,M,13.6,-19.43,15.9,uncaged,dry,River,0,NA,River,,,,
DM15056,Sacramento,3/10/2015,2015,M,8.7,-23.14,12.34,uncaged,dry,River,0,NA,River,,,,
DM15058,Sacramento,3/17/2015,2015,M,6.4,-24.13,12.19,uncaged,dry,River,0,NA,River,,,,
DM15059,Sacramento,3/17/2015,2015,M,4.3,-24.41,11.69,uncaged,dry,River,0,NA,River,,,,
DM15060,Sacramento,1/6/2015,2015,M,8.4,-23.01,11.65,uncaged,dry,River,0,NA,River,,,,
DM15062,Sacramento,2/26/2015,2015,M,8.9,-24,13.39,uncaged,dry,River,0,NA,River,,,,
DM15063,Sacramento,2/19/2015,2015,M,9.2,-21.64,13.42,uncaged,dry,River,0,NA,River,,,,
DM15064,Sacramento,2/19/2015,2015,M,8.5,-23.33,13.18,uncaged,dry,River,0,NA,River,,,,
DM15065,Sacramento,3/24/2015,2015,M,3.1,-26.55,10.25,uncaged,dry,River,0,NA,River,,,,
DM15066,Sacramento,3/24/2015,2015,M,2.3,-25.92,10.66,uncaged,dry,River,0,NA,River,,,,
DM15071,Sacramento,3/3/2015,2015,M,9.1,-22.24,13.85,uncaged,dry,River,0,NA,River,,,,
DM15073,Sacramento,3/3/2015,2015,M,8.3,-23.23,12.38,uncaged,dry,River,0,NA,River,,,,
DM15074,Sacramento,3/3/2015,2015,M,9.3,-21.94,13.33,uncaged,dry,River,0,NA,River,,,,
DM15078,Sacramento,3/20/2015,2015,M,6.5,-22.58,13.7,uncaged,dry,River,0,NA,River,,,,
DM15091,Sacramento,3/17/2015,2015,M,1.4,-23.65,10.06,uncaged,dry,River,0,NA,River,,,,
DM15092,Sacramento,3/17/2015,2015,M,1.7,-22.88,10.33,uncaged,dry,River,0,NA,River,,,,
DM15094,Sacramento,2/9/2015,2015,M,3.6,-23.38,11.25,uncaged,dry,River,0,NA,River,,,,
DM15097,Sacramento,3/23/2015,2015,M,4.9,-23.47,12.62,uncaged,dry,River,0,NA,River,,,,
DM15098,Sacramento,4/14/2015,2015,M,-0.8,-20.76,10.38,uncaged,dry,River,0,NA,River,,,,
DM15101,Sacramento,4/9/2015,2015,M,-1.1,-20.32,9.83,uncaged,dry,River,0,NA,River,,,,
DM15102,Sacramento,3/6/2015,2015,M,7.6,-20.97,13.61,uncaged,dry,River,0,NA,River,,,,
DM15103,Sacramento,3/6/2015,2015,M,4.7,-23.4,11.98,uncaged,dry,River,0,NA,River,,,,
NP15001,Yolo Bypass,2/15/2015,2015,M,0.8,-30.35,10.1,uncaged,dry,Floodplain,2,10,replicated fields,,,,
NP15002,Yolo Bypass,2/15/2015,2015,M,4.7,-26.5,11.52,uncaged,dry,Floodplain,2,10,replicated fields,,,,
NP15003,Yolo Bypass,2/15/2015,2015,M,5.4,-26.48,11.48,uncaged,dry,Floodplain,2,10,replicated fields,,,,
NP15004,Yolo Bypass,2/15/2015,2015,M,NA,-27.88,11.42,uncaged,dry,Floodplain,2,10,replicated fields,,,,
NP15005,Yolo Bypass,2/15/2015,2015,M,1.6,-27.78,11.47,uncaged,dry,Floodplain,2,10,replicated fields,,,,
NP15006,Yolo Bypass,2/15/2015,2015,M,4.3,-26.28,11.13,uncaged,dry,Floodplain,2,10,replicated fields,,,,
NP15007,Yolo Bypass,2/15/2015,2015,M,5.7,-26.36,11.25,uncaged,dry,Floodplain,2,10,replicated fields,,,,
NP15009,Yolo Bypass,2/15/2015,2015,M,2.2,-27.64,11.49,uncaged,dry,Floodplain,2,10,replicated fields,,,,
NP15010,Yolo Bypass,2/15/2015,2015,M,4.2,-26.05,11.89,uncaged,dry,Floodplain,2,10,replicated fields,,,,
NP15011,Yolo Bypass,2/22/2015,2015,M,-1,-29.19,10.25,uncaged,dry,Floodplain,3,17,replicated fields,,,,
NP15012,Yolo Bypass,2/22/2015,2015,M,-0.8,-29.27,10.7,uncaged,dry,Floodplain,3,17,replicated fields,,,,
NP15013,Yolo Bypass,2/22/2015,2015,M,-3.2,-29.86,11.08,uncaged,dry,Floodplain,3,17,replicated fields,,,,
NP15014,Yolo Bypass,2/22/2015,2015,M,-3.9,-30.94,10.95,uncaged,dry,Floodplain,3,17,replicated fields,,,,
NP15015,Yolo Bypass,2/22/2015,2015,M,1.2,-28.04,10.97,uncaged,dry,Floodplain,3,17,replicated fields,,,,
NP15016,Yolo Bypass,2/22/2015,2015,M,-1.3,-29.63,10.42,uncaged,dry,Floodplain,3,17,replicated fields,,,,
NP15017,Yolo Bypass,2/22/2015,2015,M,-1.1,-28.87,10.84,uncaged,dry,Floodplain,3,17,replicated fields,,,,
NP15018,Yolo Bypass,2/22/2015,2015,M,-2.6,-29.36,11.32,uncaged,dry,Floodplain,3,17,replicated fields,,,,
NP15019,Yolo Bypass,2/22/2015,2015,M,0.8,-29.34,11.14,uncaged,dry,Floodplain,3,17,replicated fields,,,,
NP15021,Yolo Bypass,2/22/2015,2015,M,-0.2,-29.52,10.68,uncaged,dry,Floodplain,3,17,replicated fields,,,,
NP15022,Yolo Bypass,2/27/2015,2015,M,-0.8,-28.53,11.19,uncaged,dry,Floodplain,4,23,replicated fields,,,,
NP15023,Yolo Bypass,2/27/2015,2015,M,-0.9,-28.67,10.59,uncaged,dry,Floodplain,4,23,replicated fields,,,,
NP15024,Yolo Bypass,2/27/2015,2015,M,-2.2,-29.89,10.08,uncaged,dry,Floodplain,4,23,replicated fields,,,,
NP15025,Yolo Bypass,2/27/2015,2015,M,-2.9,-30.44,10.73,uncaged,dry,Floodplain,4,23,replicated fields,,,,
NP15026,Yolo Bypass,2/27/2015,2015,M,-1.4,-28.93,10.63,uncaged,dry,Floodplain,4,23,replicated fields,,,,
NP15027,Yolo Bypass,2/27/2015,2015,M,-3.9,-30.05,10.97,uncaged,dry,Floodplain,4,23,replicated fields,,,,
NP15028,Yolo Bypass,2/27/2015,2015,M,-3,-30.42,11.19,uncaged,dry,Floodplain,4,23,replicated fields,,,,
NP15029,Yolo Bypass,2/27/2015,2015,M,-3.5,-30.39,11.03,uncaged,dry,Floodplain,4,23,replicated fields,,,,
NP15030,Yolo Bypass,2/27/2015,2015,M,-3.1,-29.64,10.17,uncaged,dry,Floodplain,4,23,replicated fields,,,,
DM15001,Sacramento,5/13/2015,2015,S,-0.8,-27.99,10.18,uncaged,dry,River,,NA,River,,,,
DM15002,Sacramento,5/13/2015,2015,S,-1.33,-28.03,9.16,uncaged,dry,River,,NA,River,,,,
DM15006,Sacramento,5/16/2015,2015,S,-0.78,-27.24,9.9,uncaged,dry,River,,NA,River,,,,
DM15009,Sacramento,4/10/2015,2015,S,-0.2,-27.79,8.24,uncaged,dry,River,,NA,River,,,,
DM15010,Sacramento,4/10/2015,2015,S,-1.48,-29.26,9.05,uncaged,dry,River,,NA,River,,,,
DM15012,Sacramento,4/27/2015,2015,S,-1.84,-24.99,9.05,uncaged,dry,River,,NA,River,,,,
DM15017,Sacramento,4/24/2015,2015,S,-0.93,-25.28,8.72,uncaged,dry,River,,NA,River,,,,
DM15019,Sacramento,4/20/2015,2015,S,-1.19,-28.77,9.52,uncaged,dry,River,,NA,River,,,,
DM15020,Sacramento,5/11/2015,2015,S,-1.93,-23.54,8.06,uncaged,dry,River,,NA,River,,,,
DM15022,Sacramento,4/13/2015,2015,S,-2.05,-29.69,8.77,uncaged,dry,River,,NA,River,,,,
DM15023,Sacramento,4/13/2015,2015,S,-1.23,-28.24,6.68,uncaged,dry,River,,NA,River,,,,
DM15028,Sacramento,4/3/2015,2015,S,-0.02,-29.09,9.63,uncaged,dry,River,,NA,River,,,,
DM15029,Sacramento,4/3/2015,2015,S,1.6,-28.12,9,uncaged,dry,River,,NA,River,,,,
DM15030,Sacramento,2/9/2015,2015,S,2.23,-28.97,7.11,uncaged,dry,River,,NA,River,,,,
DM15032,Sacramento,2/20/2015,2015,S,6.22,-29.26,7.05,uncaged,dry,River,,NA,River,,,,
DM15040,Sacramento,1/20/2015,2015,S,2.93,-25.51,9.35,uncaged,dry,River,,NA,River,,,,
DM15044,Sacramento,2/10/2015,2015,S,2.69,-29.42,8.36,uncaged,dry,River,,NA,River,,,,
DM15045,Sacramento,2/10/2015,2015,S,3.15,-32.94,4.8,uncaged,dry,River,,NA,River,,,,
DM15049,Sacramento,3/5/2015,2015,S,3.04,-28.43,5.07,uncaged,dry,River,,NA,River,,,,
DM15050,Sacramento,2/24/2015,2015,S,3.24,-29.23,7.15,uncaged,dry,River,,NA,River,,,,
DM15052,Sacramento,2/17/2015,2015,S,5.49,-26.86,5.93,uncaged,dry,River,,NA,River,,,,
DM15053,Sacramento,2/17/2015,2015,S,3.18,-28.19,9.2,uncaged,dry,River,,NA,River,,,,
DM15056,Sacramento,3/10/2015,2015,S,2.48,-28.44,6.49,uncaged,dry,River,,NA,River,,,,
DM15058,Sacramento,3/17/2015,2015,S,1.72,-29.34,6.74,uncaged,dry,River,,NA,River,,,,
DM15059,Sacramento,3/17/2015,2015,S,3.32,-28.85,7.46,uncaged,dry,River,,NA,River,,,,
DM15060,Sacramento,1/6/2015,2015,S,-0.49,-31.79,5.21,uncaged,dry,River,,NA,River,,,,
DM15062,Sacramento,2/26/2015,2015,S,4.96,-36.48,6.54,uncaged,dry,River,,NA,River,,,,
DM15063,Sacramento,2/19/2015,2015,S,3.79,-30.11,4.75,uncaged,dry,River,,NA,River,,,,
DM15064,Sacramento,2/19/2015,2015,S,3.98,-31.16,4.89,uncaged,dry,River,,NA,River,,,,
DM15065,Sacramento,3/24/2015,2015,S,0.41,-27.73,8.72,uncaged,dry,River,,NA,River,,,,
DM15066,Sacramento,3/24/2015,2015,S,0.56,-28.14,6.41,uncaged,dry,River,,NA,River,,,,
DM15071,Sacramento,3/3/2015,2015,S,3.56,-29.39,4.87,uncaged,dry,River,,NA,River,,,,
DM15073,Sacramento,3/3/2015,2015,S,2.96,-30.33,7.39,uncaged,dry,River,,NA,River,,,,
DM15074,Sacramento,3/3/2015,2015,S,3.14,-29.58,6.05,uncaged,dry,River,,NA,River,,,,
DM15078,Sacramento,3/20/2015,2015,S,2.73,-27.74,6.8,uncaged,dry,River,,NA,River,,,,
DM15091,Sacramento,3/17/2015,2015,S,-0.18,-25.18,4.5,uncaged,dry,River,,NA,River,,,,
DM15092,Sacramento,3/17/2015,2015,S,0.84,-26.64,5.2,uncaged,dry,River,,NA,River,,,,
DM15094,Sacramento,2/9/2015,2015,S,1.06,-29.06,5.26,uncaged,dry,River,,NA,River,,,,
DM15097,Sacramento,3/23/2015,2015,S,4.87,-26.76,9.47,uncaged,dry,River,,NA,River,,,,
DM15098,Sacramento,4/14/2015,2015,S,-0.94,-22.57,1.67,uncaged,dry,River,,NA,River,,,,
DM15101,Sacramento,4/9/2015,2015,S,-1.46,-25.89,6.55,uncaged,dry,River,,NA,River,,,,
DM15102,Sacramento,3/6/2015,2015,S,0.74,-22.17,9.37,uncaged,dry,River,,NA,River,,,,
DM15103,Sacramento,3/6/2015,2015,S,2.33,-28.58,8.04,uncaged,dry,River,,NA,River,,,,
NA,Yolo Bypass,2/5/2015,2015,M,12.72,-22.4,9.24,uncaged,normal,River,0,0,hatchery,,,,
NA,Yolo Bypass,2/5/2015,2015,M,13.6,-19.57,11.86,uncaged,normal,River,0,0,hatchery,,,,
NA,Yolo Bypass,2/5/2015,2015,M,13.82,-22.5,10.19,uncaged,normal,River,0,0,hatchery,,,,
NP15001,Yolo Bypass,2/15/2015,2015,S,-4.1,-31.62,5.75,uncaged,dry,Floodplain,,10,replicated fields,,,,
NP15002,Yolo Bypass,2/15/2015,2015,S,2.46,-32.53,5.94,uncaged,dry,Floodplain,,10,replicated fields,,,,
NP15003,Yolo Bypass,2/15/2015,2015,S,-0.92,-32.66,6.71,uncaged,dry,Floodplain,,10,replicated fields,,,,
NP15004,Yolo Bypass,2/15/2015,2015,S,-6.09,-33.45,5.95,uncaged,dry,Floodplain,,10,replicated fields,,,,
NP15005,Yolo Bypass,2/15/2015,2015,S,-7.28,-32.96,6.2,uncaged,dry,Floodplain,,10,replicated fields,,,,
NP15006,Yolo Bypass,2/15/2015,2015,S,-3.39,-32.52,5.96,uncaged,dry,Floodplain,,10,replicated fields,,,,
NP15007,Yolo Bypass,2/15/2015,2015,S,-5.59,-34.28,4.93,uncaged,dry,Floodplain,,10,replicated fields,,,,
NP15009,Yolo Bypass,2/15/2015,2015,S,NA,NA,NA,uncaged,dry,Floodplain,,10,replicated fields,,,,
NP15010,Yolo Bypass,2/15/2015,2015,S,-6.7,-30.96,6.22,uncaged,dry,Floodplain,,10,replicated fields,,,,
NP15011,Yolo Bypass,2/22/2015,2015,S,-5.28,-35.92,5.3,uncaged,dry,Floodplain,,17,replicated fields,,,,
NP15012,Yolo Bypass,2/22/2015,2015,S,-7.95,-35.27,5.95,uncaged,dry,Floodplain,,17,replicated fields,,,,
NP15013,Yolo Bypass,2/22/2015,2015,S,-9.95,-33.33,7.29,uncaged,dry,Floodplain,,17,replicated fields,,,,
NP15014,Yolo Bypass,2/22/2015,2015,S,-5.35,-31.34,8.02,uncaged,dry,Floodplain,,17,replicated fields,,,,
NP15015,Yolo Bypass,2/22/2015,2015,S,-8.11,-34.69,5.9,uncaged,dry,Floodplain,,17,replicated fields,,,,
NP15016,Yolo Bypass,2/22/2015,2015,S,-7.41,-35.59,6.02,uncaged,dry,Floodplain,,17,replicated fields,,,,
NP15017,Yolo Bypass,2/22/2015,2015,S,-5.6,-31.85,4.92,uncaged,dry,Floodplain,,17,replicated fields,,,,
NP15018,Yolo Bypass,2/22/2015,2015,S,-9.33,-34.13,7.48,uncaged,dry,Floodplain,,17,replicated fields,,,,
NP15019,Yolo Bypass,2/22/2015,2015,S,-5.85,-34.3,7.05,uncaged,dry,Floodplain,,17,replicated fields,,,,
NP15021,Yolo Bypass,2/22/2015,2015,S,-7.84,-35.68,5.33,uncaged,dry,Floodplain,,17,replicated fields,,,,
NP15022,Yolo Bypass,2/27/2015,2015,S,-7.52,-32.37,7.83,uncaged,dry,Floodplain,,23,replicated fields,,,,
NP15023,Yolo Bypass,2/27/2015,2015,S,-6.15,-34.56,5.4,uncaged,dry,Floodplain,,23,replicated fields,,,,
NP15024,Yolo Bypass,2/27/2015,2015,S,-6.47,-33.69,7.24,uncaged,dry,Floodplain,,23,replicated fields,,,,
NP15025,Yolo Bypass,2/27/2015,2015,S,-7.58,-33.83,7.04,uncaged,dry,Floodplain,,23,replicated fields,,,,
NP15026,Yolo Bypass,2/27/2015,2015,S,-3.8,-36.26,5.39,uncaged,dry,Floodplain,,23,replicated fields,,,,
NP15027,Yolo Bypass,2/27/2015,2015,S,-5.29,-33.54,6.87,uncaged,dry,Floodplain,,23,replicated fields,,,,
NP15028,Yolo Bypass,2/27/2015,2015,S,-7.33,-34.22,7.65,uncaged,dry,Floodplain,,23,replicated fields,,,,
NP15029,Yolo Bypass,2/27/2015,2015,S,-5.84,-30.23,7.1,uncaged,dry,Floodplain,,23,replicated fields,,,,
NP15030,Yolo Bypass,2/27/2015,2015,S,-5.9,-30.17,5.82,uncaged,dry,Floodplain,,23,replicated fields,,,,
DM16015,Sacramento,3/3/2016,2016,M,14.13,-17.82,16.7,uncaged,normal,River,0,NA,River,,,,
DM16016,Sacramento,3/11/2016,2016,M,5.6,-24.2,12.49,uncaged,normal,River,0,NA,River,,,,
DM16019,Sacramento,4/18/2016,2016,M,11.5,-20.25,11.04,uncaged,normal,River,0,NA,River,,,,
DM16020,Sacramento,4/8/2016,2016,M,6.1,-21.78,10.99,uncaged,normal,River,0,NA,River,,,,
DM16022,Sacramento,4/29/2016,2016,M,13.8,-19.62,11.22,uncaged,normal,River,0,NA,River,,,,
DM16023,Sacramento,3/11/2016,2016,M,4.8,-22.32,13.81,uncaged,normal,River,0,NA,River,,,,
DM16027,Sacramento,5/2/2016,2016,M,7.56,-21.14,11.21,uncaged,normal,River,0,NA,River,,,,
DM16027,Sacramento,5/2/2016,2016,M,7.56,-21.14,11.21,uncaged,normal,River,0,NA,River,,,,
DM16028,Sacramento,5/9/2016,2016,M,1.1,-22.75,13.31,uncaged,normal,River,0,NA,River,,,,
DM16029,Sacramento,3/25/2016,2016,M,1.8,-22.48,10.9,uncaged,normal,River,0,NA,River,,,,
DM16033,Sacramento,3/21/2016,2016,M,10.2,-20.15,15.51,uncaged,normal,River,0,NA,River,,,,
DM16034,Sacramento,2/16/2016,2016,M,5.3,-26.94,10.8,uncaged,normal,River,0,NA,River,,,,
DM16036,Sacramento,3/21/2016,2016,M,7.6,-21.3,14.28,uncaged,normal,River,0,NA,River,,,,
DM16037,Sacramento,5/11/2016,2016,M,5.8,-23.53,7.45,uncaged,normal,River,0,NA,River,,,,
DM16040,Sacramento,4/1/2016,2016,M,2.9,-24.07,11.76,uncaged,normal,River,0,NA,River,,,,
DM16042,Sacramento,4/25/2016,2016,M,-1.1,-21.37,10.32,uncaged,normal,River,0,NA,River,,,,
DM16044,Sacramento,4/18/2016,2016,M,12.5,-20.06,12.14,uncaged,normal,River,0,NA,River,,,,
DM16047,Sacramento,4/7/2016,2016,M,4.9,-26.04,11.95,uncaged,normal,River,0,NA,River,,,,
DM16048,Sacramento,2/8/2016,2016,M,-4.22,-33.82,6.26,uncaged,normal,River,0,NA,River,,,,
DM16049,Sacramento,4/18/2016,2016,M,12.6,-19.8,11.97,uncaged,normal,River,0,NA,River,,,,
DM16050,Sacramento,5/11/2016,2016,M,-1.6,-20.2,10.04,uncaged,normal,River,0,NA,River,,,,
DM16150,Sacramento,5/11/2016,2016,M,3.4,-25.9,11.81,uncaged,normal,River,0,NA,River,,,,
DM16051,Sacramento,4/1/2016,2016,M,-3.92,-32.93,5.63,uncaged,normal,River,0,NA,River,,,,
DM16052,Sacramento,4/1/2016,2016,M,10.9,-20.26,11.42,uncaged,normal,River,0,NA,River,,,,
DM16052,Sacramento,4/1/2016,2016,M,10.9,-20.26,11.42,uncaged,normal,River,0,NA,River,,,,
DM16053,Sacramento,5/9/2016,2016,M,-1.39,-20.85,9.89,uncaged,normal,River,0,NA,River,,,,
DM16060,Sacramento,5/16/2016,2016,M,15.7,-16.78,18.2,uncaged,normal,River,0,NA,River,,,,
DM16060,Sacramento,5/16/2016,2016,M,15.7,-16.78,18.2,uncaged,normal,River,0,NA,River,,,,
DM16062,Sacramento,5/11/2016,2016,M,-0.72,-22.39,10.09,uncaged,normal,River,0,NA,River,,,,
DM16062,Sacramento,5/11/2016,2016,M,-0.72,-22.39,10.09,uncaged,normal,River,0,NA,River,,,,
DM16063,Sacramento,3/16/2016,2016,M,10.8,-20.66,14.67,uncaged,normal,River,0,NA,River,,,,
DM16065,Sacramento,2/8/2016,2016,M,7.85,-23.67,12.84,uncaged,normal,River,0,NA,River,,,,
DM16066,Sacramento,4/11/2016,2016,M,6.09,-26.94,10.65,uncaged,normal,River,0,NA,River,,,,
DM16066,Sacramento,4/11/2016,2016,M,6.09,-26.94,10.65,uncaged,normal,River,0,NA,River,,,,
DM16068,Sacramento,4/15/2016,2016,M,12.7,-20.2,11.58,uncaged,normal,River,0,NA,River,,,,
DM16075,Sacramento,4/8/2016,2016,M,8.65,-21.21,11.1,uncaged,normal,River,0,NA,River,,,,
DM16076,Sacramento,2/24/2016,2016,M,13.46,-21.49,11.18,uncaged,normal,River,0,NA,River,,,,
DM16077,Sacramento,2/24/2016,2016,M,16.85,-18.53,17.37,uncaged,normal,River,0,NA,River,,,,
DM16080,Sacramento,4/18/2016,2016,M,13,-21.35,11.19,uncaged,normal,River,0,NA,River,,,,
DM16080,Sacramento,4/18/2016,2016,M,13,-21.35,11.19,uncaged,normal,River,0,NA,River,,,,
DM16081,Sacramento,2/18/2016,2016,M,11.99,-22.68,14.53,uncaged,normal,River,0,NA,River,,,,
DM16082,Sacramento,4/15/2016,2016,M,13.7,-19.81,11.68,uncaged,normal,River,0,NA,River,,,,
DM16083,Sacramento,2/18/2016,2016,M,11.34,-22.7,14.15,uncaged,normal,River,0,NA,River,,,,
DM16084,Sacramento,3/3/2016,2016,M,7.6,-23.03,12.74,uncaged,normal,River,0,NA,River,,,,
DM16085,Sacramento,3/11/2016,2016,M,4.05,-25.24,10.9,uncaged,normal,River,0,NA,River,,,,
DM16086,Sacramento,3/15/2016,2016,M,16.55,-17.25,18.16,uncaged,normal,River,0,NA,River,,,,
DM16087,Sacramento,2/24/2016,2016,M,14.75,-18.01,17.25,uncaged,normal,River,0,NA,River,,,,
DM16088,Sacramento,3/3/2016,2016,M,13.39,-18.62,16.57,uncaged,normal,River,0,NA,River,,,,
DM16147,Sacramento,3/28/2016,2016,M,0.5,-23.13,9.32,uncaged,normal,River,0,NA,River,,,,
DM16152,Sacramento,2/5/2016,2016,M,8.3,-22.24,13.57,uncaged,normal,River,0,NA,River,,,,
DM16153,Sacramento,2/18/2016,2016,M,4.9,-26.44,11.1,uncaged,normal,River,0,NA,River,,,,
DM16155,Sacramento,4/7/2016,2016,M,2.3,-26.81,10.42,uncaged,normal,River,0,NA,River,,,,
DM16156,Sacramento,3/15/2016,2016,M,12.2,-20.07,16.35,uncaged,normal,River,0,NA,River,,,,
DM16159,Sacramento,4/29/2016,2016,M,12.8,-19.92,11.26,uncaged,normal,River,0,NA,River,,,,
DM16160,Sacramento,2/18/2016,2016,M,6.4,-25.57,11.77,uncaged,normal,River,0,NA,River,,,,
DM16162,Sacramento,2/5/2016,2016,M,13.3,-19.71,15.78,uncaged,normal,River,0,NA,River,,,,
DM16163,Sacramento,2/5/2016,2016,M,13,-18.02,17.23,uncaged,normal,River,0,NA,River,,,,
DM16164,Sacramento,2/12/2016,2016,M,14.6,-19.19,17.03,uncaged,normal,River,0,NA,River,,,,
NP16003,Yolo Bypass,3/7/2016,2016,M,-3.5,-33.72,11.13,uncaged,normal,Floodplain,5,,replicated fields,,,,
NP16004,Yolo Bypass,3/7/2016,2016,M,-3.8,-34.34,10.75,uncaged,normal,Floodplain,5,,replicated fields,,,,
NP16005,Yolo Bypass,3/1/2016,2016,M,-4.4,-34.41,11.17,uncaged,normal,Floodplain,4,,replicated fields,,,,
NP16007,Yolo Bypass,2/16/2016,2016,M,2.9,-28.09,12.21,uncaged,normal,Floodplain,2,,replicated fields,,,,
NP16010,Yolo Bypass,2/15/2016,2016,M,1.6,-32.08,12.15,uncaged,normal,Floodplain,2,14,replicated fields,,,,
NP16011,Yolo Bypass,2/22/2016,2016,M,-1.1,-31.12,12,uncaged,normal,Floodplain,3,21,replicated fields,,,,
NP16012,Yolo Bypass,2/22/2016,2016,M,-1.3,-31.84,11.75,uncaged,normal,Floodplain,3,21,replicated fields,,,,
NP16013,Yolo Bypass,2/22/2016,2016,M,-2.9,-32.78,12,uncaged,normal,Floodplain,3,21,replicated fields,,,,
NP16014,Yolo Bypass,2/22/2016,2016,M,-2.6,-32.25,12.01,uncaged,normal,Floodplain,3,21,replicated fields,,,,
NP16015,Yolo Bypass,2/22/2016,2016,M,-1.8,-32.12,12.11,uncaged,normal,Floodplain,3,21,replicated fields,,,,
NP16016,Yolo Bypass,2/9/2016,2016,M,7.7,-26.01,13.28,uncaged,normal,Floodplain,1,8,replicated fields,,,,
NP16021,Yolo Bypass,2/29/2016,2016,M,-3.1,-34.47,10.87,uncaged,normal,Floodplain,4,28,replicated fields,,,,
NP16022,Yolo Bypass,2/29/2016,2016,M,-3.2,-33.29,10.76,uncaged,normal,Floodplain,4,28,replicated fields,,,,
NP16024,Yolo Bypass,2/29/2016,2016,M,-2.9,-31.97,11.05,uncaged,normal,Floodplain,4,28,replicated fields,,,,
NP16025,Yolo Bypass,2/29/2016,2016,M,-3.9,-33.04,10.46,uncaged,normal,Floodplain,4,28,replicated fields,,,,
NP16026,Yolo Bypass,3/10/2016,2016,M,-5.6,-35.44,12.01,uncaged,normal,Floodplain,6,37,replicated fields,,,,
NP16026,Yolo Bypass,3/10/2016,2016,M,-5.6,-35.44,12.01,uncaged,normal,Floodplain,6,37,replicated fields,,,,
NP16027,Yolo Bypass,3/10/2016,2016,M,-5.3,-34.77,11.99,uncaged,normal,Floodplain,6,37,replicated fields,,,,
NP16027,Yolo Bypass,3/10/2016,2016,M,-5.3,-34.77,11.99,uncaged,normal,Floodplain,6,37,replicated fields,,,,
NP16028,Yolo Bypass,3/10/2016,2016,M,-5.2,-34.42,12.04,uncaged,normal,Floodplain,6,37,replicated fields,,,,
NP16029,Yolo Bypass,3/10/2016,2016,M,-4.4,-34.9,11.97,uncaged,normal,Floodplain,6,37,replicated fields,,,,
NP16031,Yolo Bypass,2/1/2016,2016,M,12.68,-22.4,9.29,uncaged,normal,River,0,0,hatchery,,,,
NP16032,Yolo Bypass,2/1/2016,2016,M,13.62,-19.53,11.86,uncaged,normal,River,0,0,hatchery,,,,
NP16033,Yolo Bypass,2/1/2016,2016,M,13.8,-22.49,10.16,uncaged,normal,River,0,0,hatchery,,,,
NP16034,Yolo Bypass,3/11/2016,2016,M,-1,-29.15,12.9,caged,normal,Floodplain,6,38,toe drain,,,,
NP16035,Yolo Bypass,3/11/2016,2016,M,-0.89,-28.47,11.83,caged,normal,Floodplain,6,38,toe drain,,,,
NP16036,Yolo Bypass,3/11/2016,2016,M,-1.87,-28.53,11.98,caged,normal,Floodplain,6,38,toe drain,,,,
NP16037,Yolo Bypass,3/11/2016,2016,M,-1.3,-29.36,12.84,caged,normal,Floodplain,6,38,toe drain,,,,
NP16038,Yolo Bypass,4/7/2016,2016,M,-2.2,-28.08,9.61,uncaged,normal,Floodplain,4,,fieldx,,,,
NP16039,Yolo Bypass,4/6/2016,2016,M,-4.3,-31.61,6.36,uncaged,normal,Floodplain,4,,fieldx,,,,
NP16040,Yolo Bypass,3/29/2016,2016,M,2.71,-25.21,11.51,uncaged,normal,Floodplain,4,,fieldx,,,,
NP16041,Yolo Bypass,4/1/2016,2016,M,-0.81,-29.09,11.52,uncaged,normal,Floodplain,4,,fieldx,,,,
NP16042,Yolo Bypass,4/1/2016,2016,M,-0.53,-28.9,10.7,uncaged,normal,Floodplain,4,,fieldx,,,,
NP16043,Yolo Bypass,4/1/2016,2016,M,-1.8,-28.01,11.69,uncaged,normal,Floodplain,4,,fieldx,,,,
NP16044,Yolo Bypass,4/5/2016,2016,M,-2.4,-30.11,9.79,uncaged,normal,Floodplain,4,,fieldx,,,,
NP16045,Yolo Bypass,4/5/2016,2016,M,-3.02,-28.82,9.05,uncaged,normal,Floodplain,4,,fieldx,,,,
NP16046,Yolo Bypass,4/4/2016,2016,M,-1.03,-27.36,11.41,uncaged,normal,Floodplain,4,,fieldx,,,,
NP16047,Yolo Bypass,4/6/2016,2016,M,-2.4,-30.17,10.02,uncaged,normal,Floodplain,4,,fieldx,,,,
NP16048,Yolo Bypass,4/5/2016,2016,M,-2.8,-29.25,10.28,uncaged,normal,Floodplain,4,,fieldx,,,,
NP16049,Yolo Bypass,4/7/2016,2016,M,-4.6,-31.16,11.29,uncaged,normal,Floodplain,4,,fieldx,,,,
NP16050,Yolo Bypass,4/7/2016,2016,M,-1.25,-28.23,10.04,uncaged,normal,Floodplain,4,,fieldx,,,,
NP16051,Yolo Bypass,4/6/2016,2016,M,-2,-28.46,10.33,uncaged,normal,Floodplain,4,,fieldx,,,,
NP16052,Yolo Bypass,4/7/2016,2016,M,-2.1,-26.73,10.63,uncaged,normal,Floodplain,4,,fieldx,,,,
NP16053,Yolo Bypass,4/6/2016,2016,M,1.58,-26.19,10.8,uncaged,normal,Floodplain,4,,fieldx,,,,
NP16054,Yolo Bypass,4/7/2016,2016,M,-2.35,-27.46,9.41,uncaged,normal,Floodplain,4,,fieldx,,,,
NP16055,Yolo Bypass,4/7/2016,2016,M,-2.8,-28.27,10.41,uncaged,normal,Floodplain,4,,fieldx,,,,
NP16056,Yolo Bypass,4/6/2016,2016,M,-0.02,-27.55,10.27,uncaged,normal,Floodplain,4,,fieldx,,,,
NP16057,Yolo Bypass,4/6/2016,2016,M,-0.18,-28.06,10.43,uncaged,normal,Floodplain,4,,fieldx,,,,
NP16058,Yolo Bypass,4/6/2016,2016,M,-4.3,-32.77,11.04,uncaged,normal,Floodplain,4,,fieldx,,,,
NP16100,Yolo Bypass,2/29/2016,2016,M,-3.1,-32.25,10.65,uncaged,normal,Floodplain,4,28,replicated fields,,,,
NP16102,Yolo Bypass,3/7/2016,2016,M,-5.3,-33.42,10.96,uncaged,normal,Floodplain,5,35,replicated fields,,,,
NP16103,Yolo Bypass,3/7/2016,2016,M,-5,-33.41,11.2,uncaged,normal,Floodplain,5,35,replicated fields,,,,
NP16104,Yolo Bypass,2/16/2016,2016,M,0,-30.91,12.07,uncaged,normal,Floodplain,2,15,replicated fields,,,,
NP16105,Yolo Bypass,2/16/2016,2016,M,1.3,-30.42,12.04,uncaged,normal,Floodplain,2,15,replicated fields,,,,
NP16110,Yolo Bypass,2/9/2016,2016,M,8.2,-23.87,13.22,uncaged,normal,Floodplain,1,8,replicated fields,,,,
NP16111,Yolo Bypass,2/9/2016,2016,M,8,-26.23,13.14,uncaged,normal,Floodplain,1,8,replicated fields,,,,
NP16112,Yolo Bypass,2/9/2016,2016,M,6.5,-26.19,12.98,uncaged,normal,Floodplain,1,8,replicated fields,,,,
NP16114,Yolo Bypass,3/10/2016,2016,M,-5.4,-34.15,12.35,uncaged,normal,Floodplain,6,38,replicated fields,,,,
NP16115,Yolo Bypass,2/16/2016,2016,M,0.8,-30.24,11.72,uncaged,normal,Floodplain,2,15,replicated fields,,,,
NP16201,River Caged,4/18/2016,2016,M,7.8,-22.99,11.55,caged,normal,River,0,NA,River,,,,
NP16205,River Caged,4/18/2016,2016,M,10.1,-21.85,12.05,caged,normal,River,0,NA,River,,,,
NP16207,River Caged,4/18/2016,2016,M,6.5,-23.46,11.21,caged,normal,River,0,NA,River,,,,
NP16208,River Caged,4/18/2016,2016,M,6.6,-24.03,11.2,caged,normal,River,0,NA,River,,,,
NP16209,River Caged,4/18/2016,2016,M,8.2,-23.26,11.43,caged,normal,River,0,NA,River,,,,
DM16015,Sacramento,3/3/2016,2016,S,3.67,-25.53,7.59,uncaged,normal,River,0,NA,River,,,,
DM16016,Sacramento,3/11/2016,2016,S,1.3,-25.85,7.73,uncaged,normal,River,0,NA,River,,,,
DM16019,Sacramento,4/18/2016,2016,S,3.67,-27.6,6.49,uncaged,normal,River,0,NA,River,,,,
DM16020,Sacramento,4/8/2016,2016,S,1.32,-29.13,6.57,uncaged,normal,River,0,NA,River,,,,
DM16022,Sacramento,4/29/2016,2016,S,3.74,-27.47,6.29,uncaged,normal,River,0,NA,River,,,,
DM16023,Sacramento,3/11/2016,2016,S,0.25,-25.74,8.91,uncaged,normal,River,0,NA,River,,,,
DM16027,Sacramento,5/2/2016,2016,S,2.81,-29.73,7.14,uncaged,normal,River,0,NA,River,,,,
DM16027,Sacramento,5/2/2016,2016,S,2.04,-30.44,7.08,uncaged,normal,River,0,NA,River,,,,
DM16028,Sacramento,5/9/2016,2016,S,-0.43,-28.23,8.06,uncaged,normal,River,0,NA,River,,,,
DM16029,Sacramento,3/25/2016,2016,S,-0.78,-30.12,8.48,uncaged,normal,River,0,NA,River,,,,
DM16033,Sacramento,3/21/2016,2016,S,1.45,-26.8,7.64,uncaged,normal,River,0,NA,River,,,,
DM16034,Sacramento,2/16/2016,2016,S,-1.55,-28.39,5.83,uncaged,normal,River,0,NA,River,,,,
DM16036,Sacramento,3/21/2016,2016,S,-0.92,-27.72,5.33,uncaged,normal,River,0,NA,River,,,,
DM16037,Sacramento,5/11/2016,2016,S,0.38,-30.12,6.56,uncaged,normal,River,0,NA,River,,,,
DM16040,Sacramento,4/1/2016,2016,S,0.54,-32.27,5.62,uncaged,normal,River,0,NA,River,,,,
DM16042,Sacramento,4/25/2016,2016,S,4.12,-26.22,8.96,uncaged,normal,River,0,NA,River,,,,
DM16044,Sacramento,4/18/2016,2016,S,5.66,-26.4,7.35,uncaged,normal,River,0,NA,River,,,,
DM16047,Sacramento,4/7/2016,2016,S,3.47,-29.19,7.24,uncaged,normal,River,0,NA,River,,,,
DM16048,Sacramento,2/8/2016,2016,S,4.47,-28.6,6.31,uncaged,normal,River,0,NA,River,,,,
DM16049,Sacramento,4/18/2016,2016,S,2.79,-27.66,7.85,uncaged,normal,River,0,NA,River,,,,
DM16050,Sacramento,5/11/2016,2016,S,0.16,-28.11,6.15,uncaged,normal,River,0,NA,River,,,,
DM16150,Sacramento,5/11/2016,2016,S,7.27,-29.23,6.95,uncaged,normal,River,0,NA,River,,,,
DM16051,Sacramento,4/1/2016,2016,S,1.27,-29.35,6.59,uncaged,normal,River,0,NA,River,,,,
DM16052,Sacramento,4/1/2016,2016,S,1.8,-28.74,7.04,uncaged,normal,River,0,NA,River,,,,
DM16052,Sacramento,4/1/2016,2016,S,1.64,-28.46,7.76,uncaged,normal,River,0,NA,River,,,,
DM16053,Sacramento,5/9/2016,2016,S,1,-27.97,8.1,uncaged,normal,River,0,NA,River,,,,
DM16060,Sacramento,5/16/2016,2016,S,3.44,-26.79,8.89,uncaged,normal,River,0,NA,River,,,,
DM16060,Sacramento,5/16/2016,2016,S,3.53,-26.8,8.59,uncaged,normal,River,0,NA,River,,,,
DM16062,Sacramento,5/11/2016,2016,S,0.18,-27.41,7.5,uncaged,normal,River,0,NA,River,,,,
DM16062,Sacramento,5/11/2016,2016,S,1.03,-27.46,7.45,uncaged,normal,River,0,NA,River,,,,
DM16063,Sacramento,3/16/2016,2016,S,-1.54,-24.6,5.24,uncaged,normal,River,0,NA,River,,,,
DM16065,Sacramento,2/8/2016,2016,S,2.72,-27.96,7.79,uncaged,normal,River,0,NA,River,,,,
DM16066,Sacramento,4/11/2016,2016,S,1.44,-29.12,7.63,uncaged,normal,River,0,NA,River,,,,
DM16066,Sacramento,4/11/2016,2016,S,0.76,-28.9,7.75,uncaged,normal,River,0,NA,River,,,,
DM16068,Sacramento,4/15/2016,2016,S,3.88,-26.65,5.88,uncaged,normal,River,0,NA,River,,,,
DM16075,Sacramento,4/8/2016,2016,S,NA,NA,NA,uncaged,normal,River,0,NA,River,,,,
DM16076,Sacramento,2/24/2016,2016,S,2.59,-27.92,7.13,uncaged,normal,River,0,NA,River,,,,
DM16077,Sacramento,2/24/2016,2016,S,5.41,-25.93,5.94,uncaged,normal,River,0,NA,River,,,,
DM16080,Sacramento,4/18/2016,2016,S,3.44,-27.38,6.97,uncaged,normal,River,0,NA,River,,,,
DM16080,Sacramento,4/18/2016,2016,S,4.02,-27.07,7.58,uncaged,normal,River,0,NA,River,,,,
DM16081,Sacramento,2/18/2016,2016,S,3.85,-30.26,7.16,uncaged,normal,River,0,NA,River,,,,
DM16082,Sacramento,4/15/2016,2016,S,4.8,-27.68,8.09,uncaged,normal,River,0,NA,River,,,,
DM16083,Sacramento,2/18/2016,2016,S,6.16,-29.76,7.14,uncaged,normal,River,0,NA,River,,,,
DM16084,Sacramento,3/3/2016,2016,S,3.81,-26.97,8.27,uncaged,normal,River,0,NA,River,,,,
DM16085,Sacramento,3/11/2016,2016,S,0.95,-28.21,6.34,uncaged,normal,River,0,NA,River,,,,
DM16086,Sacramento,3/15/2016,2016,S,8.35,-25.68,8.24,uncaged,normal,River,0,NA,River,,,,
DM16087,Sacramento,2/24/2016,2016,S,2.61,-25.65,8.11,uncaged,normal,River,0,NA,River,,,,
DM16088,Sacramento,3/3/2016,2016,S,12.08,-25.63,11.4,uncaged,normal,River,0,NA,River,,,,
DM16147,Sacramento,3/28/2016,2016,S,NA,NA,NA,uncaged,normal,River,0,NA,River,,,,
DM16152,Sacramento,2/5/2016,2016,S,NA,-30.38,6.73,uncaged,normal,River,0,NA,River,,,,
DM16153,Sacramento,2/18/2016,2016,S,NA,-28.94,8.6,uncaged,normal,River,0,NA,River,,,,
DM16155,Sacramento,4/7/2016,2016,S,NA,-30.47,7.54,uncaged,normal,River,0,NA,River,,,,
DM16156,Sacramento,3/15/2016,2016,S,NA,-26.56,9.24,uncaged,normal,River,0,NA,River,,,,
DM16159,Sacramento,4/29/2016,2016,S,NA,-27.4,7.05,uncaged,normal,River,0,NA,River,,,,
DM16160,Sacramento,2/18/2016,2016,S,NA,-28.92,6.34,uncaged,normal,River,0,NA,River,,,,
DM16162,Sacramento,2/5/2016,2016,S,NA,NA,NA,uncaged,normal,River,0,NA,River,,,,
DM16163,Sacramento,2/5/2016,2016,S,NA,-25.66,7.46,uncaged,normal,River,0,NA,River,,,,
DM16164,Sacramento,2/12/2016,2016,S,NA,NA,NA,uncaged,normal,River,0,NA,River,,,,
NP16003,Yolo Bypass,3/7/2016,2016,S,NA,NA,NA,uncaged,normal,Floodplain,,35,replicated fields,,,,
NP16004,Yolo Bypass,3/7/2016,2016,S,NA,NA,NA,uncaged,normal,Floodplain,,35,replicated fields,,,,
NP16005,Yolo Bypass,3/7/2016,2016,S,-3.68,-34.43,6.19,uncaged,normal,Floodplain,,35,replicated fields,,,,
NP16007,Yolo Bypass,2/16/2016,2016,S,-3.23,-35.06,8.25,uncaged,normal,Floodplain,,15,replicated fields,,,,
NP16010,Yolo Bypass,2/15/2016,2016,S,-1.18,-34.66,6.82,uncaged,normal,Floodplain,,15,replicated fields,,,,
NP16011,Yolo Bypass,2/22/2016,2016,S,-4.27,-35.02,7.42,uncaged,normal,Floodplain,,21,replicated fields,,,,
NP16012,Yolo Bypass,2/22/2016,2016,S,-3.36,-31.38,7.32,uncaged,normal,Floodplain,,21,replicated fields,,,,
NP16013,Yolo Bypass,2/22/2016,2016,S,-5.13,-34.79,7,uncaged,normal,Floodplain,,21,replicated fields,,,,
NP16014,Yolo Bypass,2/22/2016,2016,S,-4.81,-34.64,7.55,uncaged,normal,Floodplain,,21,replicated fields,,,,
NP16015,Yolo Bypass,2/22/2016,2016,S,-4.29,-34.9,8,uncaged,normal,Floodplain,,21,replicated fields,,,,
NP16016,Yolo Bypass,2/9/2016,2016,S,-0.54,-34.73,8.38,uncaged,normal,Floodplain,,8,replicated fields,,,,
NP16021,Yolo Bypass,2/29/2016,2016,S,-4.01,-38.02,6.63,uncaged,normal,Floodplain,,28,replicated fields,,,,
NP16022,Yolo Bypass,2/29/2016,2016,S,-4.68,-38.42,6.92,uncaged,normal,Floodplain,,28,replicated fields,,,,
NP16024,Yolo Bypass,2/29/2016,2016,S,-4.62,-36.53,5.67,uncaged,normal,Floodplain,,28,replicated fields,,,,
NP16025,Yolo Bypass,2/29/2016,2016,S,-4.84,-36.87,6.77,uncaged,normal,Floodplain,,28,replicated fields,,,,
NP16026,Yolo Bypass,3/10/2016,2016,S,-3.95,-35.03,7.59,uncaged,normal,Floodplain,,38,replicated fields,,,,
NP16026,Yolo Bypass,3/10/2016,2016,S,-6.13,-37,6.98,uncaged,normal,Floodplain,,38,replicated fields,,,,
NP16027,Yolo Bypass,3/10/2016,2016,S,-5.59,-37.11,6.95,uncaged,normal,Floodplain,,38,replicated fields,,,,
NP16027,Yolo Bypass,3/10/2016,2016,S,-6.03,-37.38,6.92,uncaged,normal,Floodplain,,38,replicated fields,,,,
NP16028,Yolo Bypass,3/10/2016,2016,S,-4.52,-35.62,6.56,uncaged,normal,Floodplain,,38,replicated fields,,,,
NP16029,Yolo Bypass,3/10/2016,2016,S,-4.64,-36.59,7.22,uncaged,normal,Floodplain,,38,replicated fields,,,,
NP16031,Yolo Bypass,2/1/2016,2016,S,NA,NA,NA,uncaged,normal,River,,0,hatchery,,,,
NP16032,Yolo Bypass,2/1/2016,2016,S,NA,NA,NA,uncaged,normal,River,,0,hatchery,,,,
NP16033,Yolo Bypass,2/1/2016,2016,S,NA,NA,NA,uncaged,normal,River,,0,hatchery,,,,
NP16034,Yolo Bypass,3/11/2016,2016,S,-3.24,-29.42,6.89,caged,normal,Floodplain,,39,toe drain,,,,
NP16035,Yolo Bypass,3/11/2016,2016,S,-3.9,-29.87,9.88,caged,normal,Floodplain,,39,toe drain,,,,
NP16035,Yolo Bypass,3/11/2016,2016,S,-3.43,-28.62,10.3,caged,normal,Floodplain,,39,toe drain,,,,
NP16036,Yolo Bypass,3/11/2016,2016,S,-3.11,-29.96,7.84,caged,normal,Floodplain,,39,toe drain,,,,
NP16037,Yolo Bypass,3/11/2016,2016,S,-4.87,-31.47,11.13,caged,normal,Floodplain,,39,toe drain,,,,
NP16037,Yolo Bypass,3/11/2016,2016,S,-4.69,-31.39,10.48,caged,normal,Floodplain,,39,toe drain,,,,
NP16037,Yolo Bypass,3/11/2016,2016,S,-5.18,-32.29,10.71,caged,normal,Floodplain,,39,toe drain,,,,
NP16038,Yolo Bypass,4/7/2016,2016,S,-2.29,-29.55,9.2,uncaged,normal,Floodplain,,,fieldx,,,,
NP16038,Yolo Bypass,4/7/2016,2016,S,1.34,-30.01,7.64,uncaged,normal,Floodplain,,,fieldx,,,,
NP16039,Yolo Bypass,4/6/2016,2016,S,NA,NA,NA,uncaged,normal,Floodplain,,,fieldx,,,,
NP16040,Yolo Bypass,3/29/2016,2016,S,-1.89,-31.42,6.85,uncaged,normal,Floodplain,,,fieldx,,,,
NP16041,Yolo Bypass,4/1/2016,2016,S,-2.07,-31.78,8.95,uncaged,normal,Floodplain,,,fieldx,,,,
NP16042,Yolo Bypass,4/1/2016,2016,S,1.52,-31.57,10.12,uncaged,normal,Floodplain,,,fieldx,,,,
NP16043,Yolo Bypass,4/1/2016,2016,S,-2.17,-31.77,9.31,uncaged,normal,Floodplain,,,fieldx,,,,
NP16044,Yolo Bypass,4/5/2016,2016,S,-0.48,-30.51,6.34,uncaged,normal,Floodplain,,,fieldx,,,,
NP16045,Yolo Bypass,4/5/2016,2016,S,-3.04,-31.21,6.49,uncaged,normal,Floodplain,,,fieldx,,,,
NP16046,Yolo Bypass,4/4/2016,2016,S,NA,NA,NA,uncaged,normal,Floodplain,,,fieldx,,,,
NP16047,Yolo Bypass,4/6/2016,2016,S,NA,NA,NA,uncaged,normal,Floodplain,,,fieldx,,,,
NP16048,Yolo Bypass,4/5/2016,2016,S,-2.77,-30.24,6.78,uncaged,normal,Floodplain,,,fieldx,,,,
NP16049,Yolo Bypass,4/7/2016,2016,S,NA,NA,NA,uncaged,normal,Floodplain,,,fieldx,,,,
NP16050,Yolo Bypass,4/7/2016,2016,S,NA,NA,NA,uncaged,normal,Floodplain,,,fieldx,,,,
NP16051,Yolo Bypass,4/6/2016,2016,S,-1.32,-30.37,8.31,uncaged,normal,Floodplain,,,fieldx,,,,
NP16052,Yolo Bypass,4/7/2016,2016,S,NA,NA,NA,uncaged,normal,Floodplain,,,fieldx,,,,
NP16053,Yolo Bypass,4/6/2016,2016,S,-2.08,-30.08,6.67,uncaged,normal,Floodplain,,,fieldx,,,,
NP16054,Yolo Bypass,4/7/2016,2016,S,NA,NA,NA,uncaged,normal,Floodplain,,,fieldx,,,,
NP16055,Yolo Bypass,4/7/2016,2016,S,NA,NA,NA,uncaged,normal,Floodplain,,,fieldx,,,,
NP16056,Yolo Bypass,4/6/2016,2016,S,-2.51,-30.32,6.86,uncaged,normal,Floodplain,,,fieldx,,,,
NP16057,Yolo Bypass,4/6/2016,2016,S,-1.62,-31.07,7.11,uncaged,normal,Floodplain,,,fieldx,,,,
NP16058,Yolo Bypass,4/6/2016,2016,S,NA,NA,NA,uncaged,normal,Floodplain,,,fieldx,,,,
NP16100,Yolo Bypass,2/29/2016,2016,S,-4.09,-34.94,6.41,uncaged,normal,Floodplain,,28,replicated fields,,,,
NP16102,Yolo Bypass,3/7/2016,2016,S,-5.09,-35.03,6.3,uncaged,normal,Floodplain,,35,replicated fields,,,,
NP16103,Yolo Bypass,3/7/2016,2016,S,-1.95,-37.24,6.26,uncaged,normal,Floodplain,,35,replicated fields,,,,
NP16104,Yolo Bypass,2/16/2016,2016,S,-2.86,-34.56,8.24,uncaged,normal,Floodplain,,15,replicated fields,,,,
NP16105,Yolo Bypass,2/16/2016,2016,S,NA,NA,NA,uncaged,normal,Floodplain,,15,replicated fields,,,,
NP16110,Yolo Bypass,2/9/2016,2016,S,NA,NA,NA,uncaged,normal,Floodplain,,8,replicated fields,,,,
NP16111,Yolo Bypass,2/9/2016,2016,S,NA,NA,NA,uncaged,normal,Floodplain,,8,replicated fields,,,,
NP16112,Yolo Bypass,2/9/2016,2016,S,NA,NA,NA,uncaged,normal,Floodplain,,8,replicated fields,,,,
NP16114,Yolo Bypass,3/10/2016,2016,S,-6.24,-36.5,7.79,uncaged,normal,Floodplain,,38,replicated fields,,,,
NP16115,Yolo Bypass,2/16/2016,2016,S,-3.3,-34.34,8.47,uncaged,normal,Floodplain,,15,replicated fields,,,,
NP16201,River Caged,4/18/2016,2016,S,1.13,-28.66,7.15,caged,normal,River,,,River,,,,
NP16205,River Caged,4/18/2016,2016,S,3.38,-24.82,9.01,caged,normal,River,,,River,,,,
NP16207,River Caged,4/18/2016,2016,S,0.92,-29.06,6.88,caged,normal,River,,,River,,,,
NP16208,River Caged,4/18/2016,2016,S,1.56,-28.76,6.96,caged,normal,River,,,River,,,,
NP16209,River Caged,4/18/2016,2016,S,2.19,-28.83,7.65,caged,normal,River,,,River,,,,
DM17001,Sacramento,4/21/2017,2017,M,10.8,-21.97,12.23,uncaged,wet,River,0,,River,,,,
DM17002,Sacramento,2/22/2017,2017,M,8.2,-22.38,10.92,uncaged,wet,River,0,,River,,,,
DM17007,Sacramento,2/16/2017,2017,M,5.9,-22.98,10.34,uncaged,wet,River,0,,River,,,,
DM17008,Sacramento,2/17/2017,2017,M,6.8,-25.33,11.23,uncaged,wet,River,0,,River,,,,
DM17014,Sacramento,3/3/2017,2017,M,5,-25.06,10.43,uncaged,wet,River,0,,River,,,,
DM17016,Sacramento,3/1/2017,2017,M,8.1,-23.43,11.15,uncaged,wet,River,0,,River,,,,
DM17017,Sacramento,3/1/2017,2017,M,5.7,-24.3,11.01,uncaged,wet,River,0,,River,,,,
DM17018,Sacramento,3/3/2017,2017,M,9.4,-23.27,12.5,uncaged,wet,River,0,,River,,,,
DM17019,Sacramento,3/6/2017,2017,M,7.4,-25.8,11.52,uncaged,wet,River,0,,River,,,,
DM17020,Sacramento,4/16/2017,2017,M,12.7,-20.24,12.27,uncaged,wet,River,0,,River,,,,
DM17021,Sacramento,4/16/2017,2017,M,13.2,-20.3,12.19,uncaged,wet,River,0,,River,,,,
DM17022,Sacramento,4/6/2017,2017,M,2,-24.97,10.13,uncaged,wet,River,0,,River,,,,
DM17023,Sacramento,4/6/2017,2017,M,2.3,-24.74,10.14,uncaged,wet,River,0,,River,,,,
DM17024,Sacramento,3/12/2017,2017,M,7.8,-23.06,11.34,uncaged,wet,River,0,,River,,,,
DM17025,Sacramento,3/9/2017,2017,M,5.4,-26.76,9.58,uncaged,wet,River,0,,River,,,,
DM17026,Sacramento,3/25/2017,2017,M,4.4,-29.18,11.54,uncaged,wet,River,0,,River,,,,
DM17027,Sacramento,4/28/2017,2017,M,7.9,-21.33,12.03,uncaged,wet,River,0,,River,,,,
DM17028,Sacramento,4/28/2017,2017,M,3.2,-22.62,12.18,uncaged,wet,River,0,,River,,,,
DM17029,Sacramento,3/9/2017,2017,M,5.4,-26.86,9.44,uncaged,wet,River,0,,River,,,,
DM17030,Sacramento,4/6/2017,2017,M,10.4,-21.22,11.77,uncaged,wet,River,0,,River,,,,
DM17032,Sacramento,3/12/2017,2017,M,5.8,-24.71,9.77,uncaged,wet,River,0,,River,,,,
DM17033,Sacramento,2/18/2017,2017,M,15.6,-18.27,16.09,uncaged,wet,River,0,,River,,,,
DM17034,Sacramento,4/26/2017,2017,M,8.8,-21.75,12.04,uncaged,wet,River,0,,River,,,,
DM17035,Sacramento,4/21/2017,2017,M,11.2,-21.55,12.11,uncaged,wet,River,0,,River,,,,
DM17037,Sacramento,4/24/2017,2017,M,-0.8,-27.5,7.94,uncaged,wet,River,0,,River,,,,
DM17039,Sacramento,2/27/2017,2017,M,4,-22.73,11.44,uncaged,wet,River,0,,River,,,,
DM17040,Sacramento,3/26/2017,2017,M,9.3,-22.53,12.7,uncaged,wet,River,0,,River,,,,
DM17043,Sacramento,3/27/2017,2017,M,4,-23.67,11.69,uncaged,wet,River,0,,River,,,,
DM17044,Sacramento,3/24/2017,2017,M,13.4,-19.79,12.58,uncaged,wet,River,0,,River,,,,
DM17045,Sacramento,4/21/2017,2017,M,11.3,-22.08,12.36,uncaged,wet,River,0,,River,,,,
DM17047,Sacramento,3/28/2017,2017,M,13.7,-19.94,12.8,uncaged,wet,River,0,,River,,,,
DM17048,Sacramento,3/29/2017,2017,M,4.5,-26.58,10.53,uncaged,wet,River,0,,River,,,,
DM17049,Sacramento,3/29/2017,2017,M,4.4,-27.62,11.25,uncaged,wet,River,0,,River,,,,
DM17050,Sacramento,5/1/2017,2017,M,10.5,-21.7,11.68,uncaged,wet,River,0,,River,,,,
DM17052,Sacramento,4/12/2017,2017,M,12.5,-20.2,12.41,uncaged,wet,River,0,,River,,,,
DM17053,Sacramento,3/16/2017,2017,M,6.7,-24.02,12.4,uncaged,wet,River,0,,River,,,,
DM17054,Sacramento,5/5/2017,2017,M,-1.5,-25.02,8.29,uncaged,wet,River,0,,River,,,,
DM17055,Sacramento,4/14/2017,2017,M,12.6,-19.93,12.58,uncaged,wet,River,0,,River,,,,
DM17056,Sacramento,4/12/2017,2017,M,13.4,-20.11,12.06,uncaged,wet,River,0,,River,,,,
DM17057,Sacramento,3/16/2017,2017,M,3.7,-24.91,9.75,uncaged,wet,River,0,,River,,,,
DM17058,Sacramento,3/21/2017,2017,M,4.7,-25.52,11.43,uncaged,wet,River,0,,River,,,,
DM17059,Sacramento,2/12/2017,2017,M,7.2,-20.01,12.39,uncaged,wet,River,0,,River,,,,
DM17060,Sacramento,2/28/2017,2017,M,7.7,-22.6,11.84,uncaged,wet,River,0,,River,,,,
DM17003,Sacramento,2/1/2017,2017,M,15.9,-18.8,17.08,uncaged,wet,River,0,,River,,,,
DM17005,Sacramento,2/3/2017,2017,M,16.6,-18.92,16.9,uncaged,wet,River,0,,River,,,,
DM17011,Sacramento,2/14/2017,2017,M,6.2,-22.16,10.75,uncaged,wet,River,0,,River,,,,
DM17062,Sacramento,4/14/2017,2017,M,5,-22.41,10.42,uncaged,wet,River,0,,River,,,,
DM17063,Sacramento,2/22/2017,2017,M,8.8,-22.06,12.11,uncaged,wet,River,0,,River,,,,
DM17065,Sacramento,3/16/2017,2017,M,3.8,-24.95,10.98,uncaged,wet,River,0,,River,,,,
DM17066,Sacramento,2/14/2017,2017,M,10.9,-21.25,13.74,uncaged,wet,River,0,,River,,,,
DM17067,Sacramento,5/1/2017,2017,M,7.7,-23.4,11.34,uncaged,wet,River,0,,River,,,,
DM17001,Sacramento,4/21/2017,2017,S,1.98,-30.41,7.94,uncaged,wet,River,0,,River,,,,
DM17002,Sacramento,2/22/2017,2017,S,0.25,-29.21,5.17,uncaged,wet,River,0,,River,,,,
DM17007,Sacramento,2/16/2017,2017,S,-0.3,-26.86,8.43,uncaged,wet,River,0,,River,,,,
DM17008,Sacramento,2/17/2017,2017,S,3.42,-27.57,6.32,uncaged,wet,River,0,,River,,,,
DM17014,Sacramento,3/3/2017,2017,S,2.22,-28.26,6.29,uncaged,wet,River,0,,River,,,,
DM17016,Sacramento,3/1/2017,2017,S,1.53,-27.08,6.62,uncaged,wet,River,0,,River,,,,
DM17017,Sacramento,3/1/2017,2017,S,0.69,-27.62,6.09,uncaged,wet,River,0,,River,,,,
DM17018,Sacramento,3/3/2017,2017,S,1.64,-26.9,6.42,uncaged,wet,River,0,,River,,,,
DM17019,Sacramento,3/6/2017,2017,S,1.74,-28.47,7.42,uncaged,wet,River,0,,River,,,,
DM17020,Sacramento,4/16/2017,2017,S,2.87,-29.73,7.03,uncaged,wet,River,0,,River,,,,
DM17021,Sacramento,4/16/2017,2017,S,2.75,-26.61,5.2,uncaged,wet,River,0,,River,,,,
DM17022,Sacramento,4/6/2017,2017,S,0.09,-29.01,8.57,uncaged,wet,River,0,,River,,,,
DM17023,Sacramento,4/6/2017,2017,S,1.18,-29.74,9.15,uncaged,wet,River,0,,River,,,,
DM17024,Sacramento,3/12/2017,2017,S,0.87,-29.21,5.72,uncaged,wet,River,0,,River,,,,
DM17025,Sacramento,3/9/2017,2017,S,1.6,-27.96,7.39,uncaged,wet,River,0,,River,,,,
DM17026,Sacramento,3/25/2017,2017,S,2.09,-30.24,8.2,uncaged,wet,River,0,,River,,,,
DM17027,Sacramento,4/28/2017,2017,S,1.46,-31.1,8.88,uncaged,wet,River,0,,River,,,,
DM17028,Sacramento,4/28/2017,2017,S,-0.28,-30.16,9.34,uncaged,wet,River,0,,River,,,,
DM17029,Sacramento,3/9/2017,2017,S,1.27,-28.01,6.89,uncaged,wet,River,0,,River,,,,
DM17030,Sacramento,4/6/2017,2017,S,2.82,-29.51,6.51,uncaged,wet,River,0,,River,,,,
DM17032,Sacramento,3/12/2017,2017,S,2.72,-29.65,7.59,uncaged,wet,River,0,,River,,,,
DM17033,Sacramento,2/18/2017,2017,S,2.71,-28.87,6.82,uncaged,wet,River,0,,River,,,,
DM17034,Sacramento,4/26/2017,2017,S,1.21,-30.36,9.24,uncaged,wet,River,0,,River,,,,
DM17035,Sacramento,4/21/2017,2017,S,1.02,-30.71,8.08,uncaged,wet,River,0,,River,,,,
DM17037,Sacramento,4/24/2017,2017,S,1.5,-30.64,9.34,uncaged,wet,River,0,,River,,,,
DM17039,Sacramento,2/27/2017,2017,S,0.24,-27.44,6.46,uncaged,wet,River,0,,River,,,,
DM17040,Sacramento,3/26/2017,2017,S,5.82,-31.24,5.87,uncaged,wet,River,0,,River,,,,
DM17043,Sacramento,3/27/2017,2017,S,1.21,-29.22,7.13,uncaged,wet,River,0,,River,,,,
DM17044,Sacramento,3/24/2017,2017,S,3.28,-28.6,7.05,uncaged,wet,River,0,,River,,,,
DM17045,Sacramento,4/21/2017,2017,S,4.16,-29.98,6.43,uncaged,wet,River,0,,River,,,,
DM17047,Sacramento,3/28/2017,2017,S,3.62,-28.23,6.86,uncaged,wet,River,0,,River,,,,
DM17048,Sacramento,3/29/2017,2017,S,1.77,-30.06,8.04,uncaged,wet,River,0,,River,,,,
DM17049,Sacramento,3/29/2017,2017,S,3.74,-30.22,7.62,uncaged,wet,River,0,,River,,,,
DM17050,Sacramento,5/1/2017,2017,S,1.34,-29.78,7.61,uncaged,wet,River,0,,River,,,,
DM17052,Sacramento,4/12/2017,2017,S,3.18,-26.72,6.71,uncaged,wet,River,0,,River,,,,
DM17053,Sacramento,3/16/2017,2017,S,5.72,-28.65,9.16,uncaged,wet,River,0,,River,,,,
DM17054,Sacramento,5/5/2017,2017,S,0.85,-30.23,9.1,uncaged,wet,River,0,,River,,,,
DM17055,Sacramento,4/14/2017,2017,S,3.61,-28.24,7.57,uncaged,wet,River,0,,River,,,,
DM17056,Sacramento,4/12/2017,2017,S,4.64,-28.9,6.29,uncaged,wet,River,0,,River,,,,
DM17057,Sacramento,3/16/2017,2017,S,3.13,-28.34,6.79,uncaged,wet,River,0,,River,,,,
DM17058,Sacramento,3/21/2017,2017,S,2.61,-29.28,6.43,uncaged,wet,River,0,,River,,,,
DM17059,Sacramento,2/12/2017,2017,S,1.4,-24.74,4.83,uncaged,wet,River,0,,River,,,,
DM17060,Sacramento,2/28/2017,2017,S,0.33,-27.27,6.56,uncaged,wet,River,0,,River,,,,
DM17005,Sacramento,2/3/2017,2017,S,5.06,-27.06,7.85,uncaged,wet,River,0,,River,,,,
DM17011,Sacramento,2/14/2017,2017,S,1.76,-29.49,2.37,uncaged,wet,River,0,,River,,,,
DM17062,Sacramento,4/14/2017,2017,S,1.89,-28.84,6.94,uncaged,wet,River,0,,River,,,,
DM17063,Sacramento,2/22/2017,2017,S,1.66,-28.87,6.37,uncaged,wet,River,0,,River,,,,
DM17065,Sacramento,3/16/2017,2017,S,6.12,-28.76,6.53,uncaged,wet,River,0,,River,,,,
DM17066,Sacramento,2/14/2017,2017,S,6.34,-28.27,6.97,uncaged,wet,River,0,,River,,,,
DM17067,Sacramento,5/1/2017,2017,S,1.49,-29.35,4.76,uncaged,wet,River,0,,River,,,,
NP17001,Yolo Bypass,3/16/2017,2017,M,1,-27.97,11.01,uncaged,wet,Floodplain,3,,knaggs,,,,
NP17002,Yolo Bypass,3/16/2017,2017,M,1,-28.79,11.42,uncaged,wet,Floodplain,3,,knaggs,,,,
NP17003,Yolo Bypass,3/16/2017,2017,M,1.4,-29.92,11.8,uncaged,wet,Floodplain,3,,knaggs,,,,
NP17004,Yolo Bypass,3/16/2017,2017,M,0.8,-30.08,11.21,uncaged,wet,Floodplain,3,,knaggs,,,,
NP17005,Yolo Bypass,3/16/2017,2017,M,0.3,-29.88,11.17,uncaged,wet,Floodplain,3,,knaggs,,,,
NP17006,Yolo Bypass,4/6/2017,2017,M,-0.5,-27.03,10.95,uncaged,wet,Floodplain,3,,conaway,,,,
NP17007,Yolo Bypass,4/6/2017,2017,M,7.4,-22.16,11.95,uncaged,wet,Floodplain,3,,conaway,,,,
NP17008,Yolo Bypass,4/6/2017,2017,M,-0.9,-27.35,12.02,uncaged,wet,Floodplain,3,,conaway,,,,
NP17009,Yolo Bypass,4/6/2017,2017,M,7.2,-22.16,12.18,uncaged,wet,Floodplain,3,,conaway,,,,
NP17010,Yolo Bypass,4/6/2017,2017,M,-1.1,-26.08,11.58,uncaged,wet,Floodplain,3,,conaway,,,,
NP17011,Yolo Bypass,4/6/2017,2017,M,7.1,-21.82,12.34,uncaged,wet,Floodplain,3,,conaway,,,,
NP17012,Yolo Bypass,4/6/2017,2017,M,8.9,-21,12.35,uncaged,wet,Floodplain,3,,conaway,,,,
NP17013,Hatchery,4/3/2017,2017,M,11.9,-20.14,13.29,uncaged,wet,River,0,0,hatchery,,,,
NP17014,Hatchery,4/3/2017,2017,M,12.1,-20.2,12.79,uncaged,wet,River,0,0,hatchery,,,,
NP17015,Hatchery,4/3/2017,2017,M,12.2,-20.22,13.39,uncaged,wet,River,0,0,hatchery,,,,
NP17013,Hatchery,4/3/2017,2017,M,11.9,-20.14,13.29,uncaged,wet,Floodplain,0,0,hatchery,,,,
NP17014,Hatchery,4/3/2017,2017,M,12.1,-20.2,12.79,uncaged,wet,Floodplain,0,0,hatchery,,,,
NP17015,Hatchery,4/3/2017,2017,M,12.2,-20.22,13.39,uncaged,wet,Floodplain,0,0,hatchery,,,,
NP17016,Yolo Bypass,4/5/2017,2017,M,8,-22.45,12.22,uncaged,wet,Floodplain,3,,yolo bypass,,,,
NP17017,Yolo Bypass,4/5/2017,2017,M,-1.4,-28.5,12.61,uncaged,wet,Floodplain,3,,yolo bypass,,,,
NP17018,Yolo Bypass,4/5/2017,2017,M,-1.1,-28.26,12.82,uncaged,wet,Floodplain,3,,yolo bypass,,,,
NP17019,Yolo Bypass,4/6/2017,2017,M,-1.6,-27.59,12.64,uncaged,wet,Floodplain,3,,yolo bypass,,,,
NP17020,Yolo Bypass,4/6/2017,2017,M,0.4,-26.59,12.34,uncaged,wet,Floodplain,3,,yolo bypass,,,,
NP17021,Yolo Bypass,4/5/2017,2017,M,-2.1,-28.16,10.1,uncaged,wet,Floodplain,3,,yolo bypass,,,,
NP17022,Yolo Bypass,4/5/2017,2017,M,-1.7,-29.56,11.72,uncaged,wet,Floodplain,3,,yolo bypass,,,,
NP17023,Yolo Bypass,4/6/2017,2017,M,-1.4,-28.2,12.24,uncaged,wet,Floodplain,3,,yolo bypass,,,,
NP17024,Yolo Bypass,4/5/2017,2017,M,-1.7,-27.26,11.64,uncaged,wet,Floodplain,3,,yolo bypass,,,,
NP17025,Yolo Bypass,4/5/2017,2017,M,-0.3,-25.59,10.08,uncaged,wet,Floodplain,3,,yolo bypass,,,,
NP17026,Yolo Bypass,4/5/2017,2017,M,-1.8,-26.84,11.8,uncaged,wet,Floodplain,3,,yolo bypass,,,,
NP17027,Yolo Bypass,4/5/2017,2017,M,-0.4,-28.08,12.6,uncaged,wet,Floodplain,3,,yolo bypass,,,,
NP17028,Yolo Bypass,4/5/2017,2017,M,9.3,-22.22,12.03,uncaged,wet,Floodplain,3,,yolo bypass,,,,
NP17029,Yolo Bypass,4/5/2017,2017,M,-1.7,-28.22,11.79,uncaged,wet,Floodplain,3,,yolo bypass,,,,
NP17030,Yolo Bypass,4/6/2017,2017,M,-1.6,-28.5,12.46,uncaged,wet,Floodplain,3,,yolo bypass,,,,
NP17031,Yolo Bypass,4/26/2017,2017,M,2.7,-26.23,12.31,caged,wet,Floodplain,3,42,fieldx,,,,
NP17032,Yolo Bypass,4/26/2017,2017,M,3.7,-25.3,12.82,caged,wet,Floodplain,3,42,fieldx,,,,
NP17033,Yolo Bypass,4/26/2017,2017,M,1.7,-25.78,12.3,caged,wet,Floodplain,3,42,fieldx,,,,
NP17034,Yolo Bypass,4/26/2017,2017,M,1.4,-27.25,12.2,caged,wet,Floodplain,3,42,fieldx,,,,
NP17035,Yolo Bypass,4/26/2017,2017,M,3.9,-25.36,12.66,caged,wet,Floodplain,3,42,fieldx,,,,
NP17001,Yolo Bypass,3/16/2017,2017,S,-1.35,-36.64,7.56,uncaged,wet,Floodplain,3,,knaggs,,,,
NP17002,Yolo Bypass,3/16/2017,2017,S,-1.33,-30.33,8.7,uncaged,wet,Floodplain,3,,knaggs,,,,
NP17003,Yolo Bypass,3/16/2017,2017,S,-2.89,-38.02,7.46,uncaged,wet,Floodplain,3,,knaggs,,,,
NP17004,Yolo Bypass,3/16/2017,2017,S,-3.54,-37.68,7.18,uncaged,wet,Floodplain,3,,knaggs,,,,
NP17005,Yolo Bypass,3/16/2017,2017,S,-2.41,-37.27,7.71,uncaged,wet,Floodplain,3,,knaggs,,,,
NP17006,Yolo Bypass,4/6/2017,2017,S,-3.17,-31.6,6.9,uncaged,wet,Floodplain,3,,conaway,,,,
NP17007,Yolo Bypass,4/6/2017,2017,S,1.3,-25.54,9.24,uncaged,wet,Floodplain,3,,conaway,,,,
NP17008,Yolo Bypass,4/6/2017,2017,S,-1.69,-30.46,9.2,uncaged,wet,Floodplain,3,,conaway,,,,
NP17009,Yolo Bypass,4/6/2017,2017,S,1.25,-26.31,9.41,uncaged,wet,Floodplain,3,,conaway,,,,
NP17010,Yolo Bypass,4/6/2017,2017,S,-2.25,-27.26,8.8,uncaged,wet,Floodplain,3,,conaway,,,,
NP17011,Yolo Bypass,4/6/2017,2017,S,-1.25,-28.41,7.47,uncaged,wet,Floodplain,3,,conaway,,,,
NP17012,Yolo Bypass,4/6/2017,2017,S,-1.84,-28.59,7.42,uncaged,wet,Floodplain,3,,conaway,,,,
NP17013,Hatchery,4/3/2017,2017,S,NA,NA,NA,uncaged,wet,River,3,0,hatchery,,,,
NP17014,Hatchery,4/3/2017,2017,S,NA,NA,NA,uncaged,wet,River,,0,hatchery,,,,
NP17015,Hatchery,4/3/2017,2017,S,NA,NA,NA,uncaged,wet,River,,0,hatchery,,,,
NP17016,Yolo Bypass,4/5/2017,2017,S,-1.11,-32.91,7.13,uncaged,wet,Floodplain,,,yolo bypass,,,,
NP17017,Yolo Bypass,4/5/2017,2017,S,-2.76,-34.48,6.72,uncaged,wet,Floodplain,,,yolo bypass,,,,
NP17018,Yolo Bypass,4/5/2017,2017,S,-2.2,-33.05,7.75,uncaged,wet,Floodplain,,,yolo bypass,,,,
NP17019,Yolo Bypass,4/6/2017,2017,S,-2.07,-31.58,8.77,uncaged,wet,Floodplain,,,yolo bypass,,,,
NP17020,Yolo Bypass,4/6/2017,2017,S,-3.08,-31.65,7.16,uncaged,wet,Floodplain,,,yolo bypass,,,,
NP17021,Yolo Bypass,4/5/2017,2017,S,-2.76,-33.48,6.66,uncaged,wet,Floodplain,,,yolo bypass,,,,
NP17022,Yolo Bypass,4/5/2017,2017,S,-2.87,-33.85,6.98,uncaged,wet,Floodplain,,,yolo bypass,,,,
NP17023,Yolo Bypass,4/6/2017,2017,S,-2.24,-31.7,7.57,uncaged,wet,Floodplain,,,yolo bypass,,,,
NP17024,Yolo Bypass,4/5/2017,2017,S,-2.55,-32.74,7.28,uncaged,wet,Floodplain,,,yolo bypass,,,,
NP17025,Yolo Bypass,4/5/2017,2017,S,-1.38,-31.94,7.36,uncaged,wet,Floodplain,,,yolo bypass,,,,
NP17026,Yolo Bypass,4/5/2017,2017,S,-1.23,-33.14,6.6,uncaged,wet,Floodplain,,,yolo bypass,,,,
NP17027,Yolo Bypass,4/5/2017,2017,S,-1.89,-33.03,7.25,uncaged,wet,Floodplain,,,yolo bypass,,,,
NP17028,Yolo Bypass,4/5/2017,2017,S,-1.21,-32.45,7.23,uncaged,wet,Floodplain,,,yolo bypass,,,,
NP17029,Yolo Bypass,4/5/2017,2017,S,-2.6,-32.21,7.77,uncaged,wet,Floodplain,,,yolo bypass,,,,
NP17030,Yolo Bypass,4/6/2017,2017,S,-2.32,-32.25,7.04,uncaged,wet,Floodplain,,,yolo bypass,,,,
NP17031,Yolo Bypass,4/26/2017,2017,S,-2.74,-27.58,7.5,caged,wet,Floodplain,,42,fieldx,,,,
NP17032,Yolo Bypass,4/26/2017,2017,S,-1.62,-28.31,7.55,caged,wet,Floodplain,,42,fieldx,,,,
NP17033,Yolo Bypass,4/26/2017,2017,S,-1.73,-28.8,7.39,caged,wet,Floodplain,,42,fieldx,,,,
NP17034,Yolo Bypass,4/26/2017,2017,S,-1.73,-28.73,7.23,caged,wet,Floodplain,,42,fieldx,,,,
NP17035,Yolo Bypass,4/26/2017,2017,S,-1.98,-28.65,7.56,caged,wet,Floodplain,,42,fieldx,,,,
NP16011,Yolo Bypass,2/22/2016,2016,F,-1.7,-31.75,11.8,uncaged,normal,Floodplain,,,,,,,
NP16012,Yolo Bypass,2/22/2016,2016,F,-1.8,-30.63,11.55,uncaged,normal,Floodplain,,,,,,,
NP16013,Yolo Bypass,2/22/2016,2016,F,-2.8,-31.74,11.65,uncaged,normal,Floodplain,,,,,,,
NP16014,Yolo Bypass,2/22/2016,2016,F,-3,-31.15,11.58,uncaged,normal,Floodplain,,,,,,,
NP16015,Yolo Bypass,2/22/2016,2016,F,-2.4,-31.58,11.48,uncaged,normal,Floodplain,,,,,,,
NP16021,Yolo Bypass,2/29/2016,2016,F,-3.7,-32.87,10.83,uncaged,normal,Floodplain,,,,,,,
NP16022,Yolo Bypass,2/29/2016,2016,F,-3.4,-33.14,10.23,uncaged,normal,Floodplain,,,,,,,
NP16023,Yolo Bypass,2/29/2016,2016,F,-2.6,-32.43,11.07,uncaged,normal,Floodplain,,,,,,,
NP16024,Yolo Bypass,2/29/2016,2016,F,-2.9,-31.88,10.51,uncaged,normal,Floodplain,,,,,,,
NP16025,Yolo Bypass,2/29/2016,2016,F,-3.6,-32.55,10.18,uncaged,normal,Floodplain,,,,,,,
NP16001,Yolo Bypass,3/7/2016,2016,F,-4.8,-33.42,11.32,uncaged,normal,Floodplain,,,,,,,
NP16002,Yolo Bypass,3/7/2016,2016,F,-4.9,-34.22,10.1,uncaged,normal,Floodplain,,,,,,,
NP16003,Yolo Bypass,3/7/2016,2016,F,-4.6,-32.66,10.49,uncaged,normal,Floodplain,,,,,,,
NP16004,Yolo Bypass,3/7/2016,2016,F,-5.1,-32.68,10.3,uncaged,normal,Floodplain,,,,,,,
NP16005,Yolo Bypass,3/7/2016,2016,F,-5,-33.07,10.53,uncaged,normal,Floodplain,,,,,,,
NP16026,Yolo Bypass,3/10/2016,2016,F,-6.5,-34.49,11.53,uncaged,normal,Floodplain,,,,,,,
NP16027,Yolo Bypass,3/10/2016,2016,F,-6,-33.88,11.39,uncaged,normal,Floodplain,,,,,,,
NP16028,Yolo Bypass,3/10/2016,2016,F,-6.4,-34.77,11.45,uncaged,normal,Floodplain,,,,,,,
NP16029,Yolo Bypass,3/10/2016,2016,F,-5.6,-34.4,11.59,uncaged,normal,Floodplain,,,,,,,
NP16030,Yolo Bypass,3/10/2016,2016,F,-6.5,-34.01,11.41,uncaged,normal,Floodplain,,,,,,,
NP17200,River Caged,4/26/2017,2017,M,6.1,-24.86,12,caged,wet,River,,42,River,,,,
NP17201,River Caged,4/26/2017,2017,M,7.5,-23.81,12.67,caged,wet,River,,42,River,,,,
NP17202,River Caged,4/26/2017,2017,M,6.3,-24.85,12.27,caged,wet,River,,42,River,,,,
NP17203,River Caged,4/26/2017,2017,M,8.6,-23.32,12.51,caged,wet,River,,42,River,,,,
NP17204,River Caged,4/26/2017,2017,M,5.9,-24.33,11.94,caged,wet,River,,42,River,,,,
NP17200,River Caged,4/26/2017,2017,S,2.55,-30.92,9.08,caged,wet,River,,42,River,,,,
NP17201,River Caged,4/26/2017,2017,S,1.49,-29.94,6.96,caged,wet,River,,42,River,,,,
NP17202,River Caged,4/26/2017,2017,S,2.01,-31.07,9.73,caged,wet,River,,42,River,,,,
NP17203,River Caged,4/26/2017,2017,S,2.28,-31.02,8.33,caged,wet,River,,42,River,,,,
NP17204,River Caged,4/26/2017,2017,S,1.8,-30.29,8.62,caged,wet,River,,42,River,,,,
NP16016,Yolo Bypass,2/9/2016,2016,F,7.3,-24.63,13.16,uncaged,normal,Floodplain,,,,,,,
NP16017,Yolo Bypass,2/9/2016,2016,F,7.5,-24.15,13.18,uncaged,normal,Floodplain,,,,,,,
NP16018,Yolo Bypass,2/9/2016,2016,F,7.2,-24.46,12.63,uncaged,normal,Floodplain,,,,,,,
NP16019,Yolo Bypass,2/9/2016,2016,F,8.2,-23.16,13.93,uncaged,normal,Floodplain,,,,,,,
NP16020,Yolo Bypass,2/9/2016,2016,F,7.1,-24.78,12.56,uncaged,normal,Floodplain,,,,,,,
NP16006,Yolo Bypass,2/16/2016,2016,F,2,-28.95,11.47,uncaged,normal,Floodplain,,,,,,,
NP16007,Yolo Bypass,2/16/2016,2016,F,3.1,-27.79,12.01,uncaged,normal,Floodplain,,,,,,,
NP16008,Yolo Bypass,2/16/2016,2016,F,1.4,-29.23,12.17,uncaged,normal,Floodplain,,,,,,,
NP16009,Yolo Bypass,2/16/2016,2016,F,1.7,-29.3,11.58,uncaged,normal,Floodplain,,,,,,,
NP16010,Yolo Bypass,2/16/2016,2016,F,1.3,-28.92,12.06,uncaged,normal,Floodplain,,,,,,,
